"Stockholm",
"Östergötland",
"Småland",
"Bergslagen",
"Värmland",
"Scania",
"Västergötland",
"",
"Hälsingland",
"Jämtland",
"Västerbotten",
"Zealand",
"Slesvig",
"Funen",
"Central Denmark Region",
"Bohuslän",
"Akershus",
"Lappland",
"Ostrobothnia",
"Trøndelag",
"Hålogaland",
"Eidsiva Rederi",
"Bergenhus Fortress",
"Agder",
"Gotland",
"Halland",
"Finland",
"Nyland",
"Tavastland",
"Viborg",
"Savolax",
"Priozersk",
"Neva River",
"Ingria",
"Saaremaa",
"Estland",
"Livonia",
"Riga",
"Kurland",
"Memel",
"East Prussia",
"Warmia",
"Gdańsk",
"Hamburg",
"Lübeck",
"Mecklenburg",
"Western Pomerania",
"Farther Pomerania",
"Neumark",
"Brandenburg",
"Neuruppin",
"Altmark",
"Lüneburg",
"Bremen",
"Oldenburg",
"Osnabrück",
"Hanover",
"Duchy of Anhalt",
"Meissen",
"Lusatia",
"Dresden",
"Leipzig",
"Erfurt",
"Lower Bavaria",
"Munich",
"Bamberg",
"Franken",
"Swabia",
"Konstanz",
"Württemberg",
"Leiningen",
"Breisgau",
"Tyrol",
"Baden",
"Alsace",
"Salzburg",
"World Register of Marine Species",
"Pfalz",
"Würzburg",
"Trier",
"Hesse",
"Lippe",
"Nassau",
"Berg",
"Cologne",
"Münster",
"Calais",
"Artois",
"Picardy",
"Flanders",
"Hainaut",
"Brabant",
"Liège",
"Luxembourg",
"Noord",
"Zeeland",
"Holland",
"Utrecht",
"Guelders",
"Friesland",
"Liguria",
"Nice",
"Niklas",
"Lombardy",
"Parma",
"Modena",
"Brescia",
"Verona",
"Mantua",
"Trent",
"Friuli",
"Venice",
"Ferrara",
"Romagna",
"Pisa",
"Florence",
"Siena",
"Roma",
"Ancona",
"Abbruzzi",
"Naples",
"Apulia",
"Calabria",
"Messina",
"Palermo",
"Malta",
"Sardinia",
"Carinthia",
"Krain",
"Istria",
"Croatia",
"Styria",
"Linz",
"Vienna",
"Sopron",
"Dalmatia",
"Ragusa",
"Zeta",
"Humming",
"Bosnia and Herzegovina",
"Serbia",
"Corfu",
"Albania",
"Ioannina",
"Morea",
"Athens",
"Larissa",
"Macedonia",
"Edirne",
"Bulgaria",
"Thrace",
"Slavonia",
"Picture Exchange Communication System",
"Nové Zámky",
"Szolnok",
"Banat",
"Partium",
"Transylvania",
"Silistra",
"Oltenia",
"Wallachia",
"Carpathia",
"Crete",
"Naxos",
"Bern",
"Schwyz",
"Caux",
"Normandie",
"Armour",
"Finistère",
"Morbihan",
"Vendée",
"Labourd",
"Gascogne",
"Armagnac",
"Béarn",
"Maine",
"Anjou",
"Berry",
"Poitou",
"Valenciennes",
"Vermandois",
"Île-de-France",
"",
"Nemours",
"Champagne",
"Barrois",
"Metz",
"Lorraine (region)",
"Bourbon",
"Nevers",
"Burgundy",
"Franche-Comté",
"Périgord",
"Limousin",
"Toulouse",
"Roussillon",
"Rouergue",
"Auvergne",
"Languedoc",
"Provence",
"Avignon",
"Lyonnais",
"Dauphiné",
"Savoie",
"Galicia",
"Asturias",
"Leon",
"Vizcaya",
"Navarre",
"Pyrenean Mastiff",
"Girona",
"Barcelona",
"Aragon",
"Old Castile",
"Salamanca",
"Madrid",
"Badajoz",
"Toledo",
"Valencia",
"Murcia",
"Almería",
"Granada",
"Andalusia",
"Córdoba",
"Gibraltar",
"Lisbon",
"Beira",
"Alentejo",
"Algarve",
"Porto",
"Bragança",
"Cornwall",
"Wessex",
"Kent",
"London",
"Oxfordshire",
"Essex",
"Gloucestershire",
"March (territorial entity)",
"Glamorgan",
"Gwynedd",
"Lincoln",
"Lancashire",
"Yorkshire",
"Northumberland",
"Cumbria",
"Lothian",
"Ayrshire",
"Fife",
"Aberdeen",
"Highland",
"Outer Hebrides",
"Poznań",
"Kalisz",
"Płock",
"Mazovia",
"Łódź",
"Sandomierz",
"Carlos Núñez Muñoz",
"Ruthenia",
"Kraków",
"Ratibor",
"Wrocław",
"Moravia",
"Bohemia",
"",
"Bessarabia",
"Podlachia",
"Trakai",
"Samogitia",
"Lithuania",
"Wenden",
"Pskov",
"Polotsk",
"Minsk",
"Grodno",
"Polesia",
"Volhynia",
"Kiev",
"Podolia",
"Yedisan",
"Zaporizhia",
"Crimea",
"Kaffa",
"Azaw, Afghanistan",
"Kuban",
"Starocherkasskaya",
"Chernihiv",
"Poltava",
"Kharkiv",
"Mogilev",
"Smolensk",
"Tver",
"Moskva",
"Kaluga",
"Bryansk",
"Kursk",
"Voronezh",
"Tula",
"Ryazan",
"List of tallest structures in the world by country",
"Saratov",
"Pensa",
"Perm",
"Nizhny Novgorod",
"Vladimir",
"Yaroslavl",
"Olonets",
"Veliky Novgorod",
"Kholm",
"Vologda",
"Arkhangelsk",
"Veliky Ustyug",
"Finnmark",
"Bithynia",
"Bursa",
"Smyrna",
"Antalya",
"Rhodes",
"Cyprus",
"Anatolia",
"Konya",
"Karaman",
"Kastamonu",
"Angora",
"Adana",
"Sinope",
"Sivas",
"Trebizon",
"Erzurum",
"Mus",
"Open de Baleares",
"Tangier",
"Mellilä",
"Tlemcen",
"Oran",
"Omar Racim",
"Kabylie",
"Constantine",
"Tunis",
"",
"Fez",
"Marrakesh",
"Safi",
"Figuig",
"Ifni",
"SUS",
"Atlas",
"Aures, Algeria",
"Biskra",
"Gafsa",
"Gabès",
"Tripolitania",
"Sirte",
"Cyrenaica",
"Libya",
"Alexandria",
"Manfalut",
"Nile",
"Cairo",
"Delta",
"",
"Gaza",
"Sinai Peninsula",
"Televisión Canaria",
"Azores",
"Madeira",
"Orkney",
"Reykjavík",
"Akureyri",
"Ulster",
"Meath",
"Leinster",
"Munster",
"Connacht",
"Aleppo",
"Beirut",
"Judea",
"Al Karak",
"Hauran",
"Damascus",
"Tabuk",
"Medina",
"Mecca",
"'Asir Region",
"Mocha",
"Aden",
"Hadhramaut",
"Sana'a",
"Najran",
"Najd",
"Emirate of Jabal Shammar",
"Al-Hasa",
"Qatar",
"Bahrain",
"Hinawi",
"Al Qasimi",
"Sohar",
"Muscat",
"Dhofar Governorate",
"Mahra",
"Nizwa",
"Liwa",
"Dumat Al-Jandal",
"Syrian Desert",
"Deir ez-Zor",
"Basra",
"Karbala",
"Bayazid (Jalayirids)",
"Mosul",
"Khuzestan Province",
"Lorestan Province",
"Hamadan",
"",
"Azerbaijan",
"Gilan Province",
"Van",
"Armenia",
"Qarabagh",
"Mădălin Murgan",
"Imereti",
"Kartli",
"Shirva",
"Dagestan",
"Mazandaran Province",
"Gorgan",
"Ajam",
"Fars",
"Larestan County",
"Hormuz",
"Kerman",
"",
"Makran",
"Sistan",
"Greater Khorasan",
"Atak",
"Karakum Desert",
"Mangyshlak Peninsula",
"Karakalpaks",
"Khiva",
"Bukhara",
"Ustyurt Plateau",
"List of renamed cities in Turkmenistan",
"Marv",
"Herat",
"Kandahar",
"Ghazni",
"Gharchistan",
"Balkh",
"Kabulistan",
"Badakhshan",
"Qarshi",
"Samarkand",
"",
"Turkestan",
"Tashkent",
"Kokand",
"Taraz",
"Uzgen",
"Zhetysu",
"Georgia",
"Alania",
"Astrakhan",
"Nogai",
"Sarai",
"Borisoglebsk",
"Khazars",
"Ryn",
"Bayuly",
"Bauyrzhan Mukhamedzhanov",
"Jüz",
"Samara",
"Ural River",
"Bashkortostan",
"List of Ottoman titles and appellations",
"Nadym",
"Mongolian calendar",
"Ainur Kerey",
"Agdistis frankeniae",
"Bermuda",
"The Bahamas",
"Turks and Caicos Islands",
"Havana",
"Moron",
"SS Registan (1910)",
"Jamaica",
"Les Cayes",
"Tortuga",
"Cabral, Barahona",
"Curaçao",
"Puerto Rico",
"Saint Thomas",
"Saint Martin",
"Saint Kitts",
"Antigua",
"French frigate Sirène (1795)",
"Dominica",
"Martinique",
"Saint Lucia",
"Barbados",
"Trinidad",
"Kutch District",
"Sind River",
"Upper Sind Frontier District",
"Multan",
"Punjab region",
"Kashmir",
"Kangra",
"Sirhind-Fategarh",
"Garhwal",
"Jangladesh",
"Jaisalmer",
"Marwar",
"Kathiawar",
"Gujarat",
"Surat",
"Mewar",
"",
"Mewat",
"Rajkot",
"Upper Doab famine of 1860–61",
"Oudh State",
"Gangwar",
"Gird",
"Mandu",
"Khandesh",
"Hadoti",
"Silhara dynasty",
"List of Euphorbia species (G-O)",
"Kanara",
"Raichur Doab",
"Mysore",
"Malabar",
"Kochi",
"Madurai",
"Venad",
"Kongu",
"Aditya I",
"Coromandel",
"Vijayanagara Empire",
"Telangana",
"Kosta",
"Ahmadnagar",
"Maharashtra",
"Amravati district",
"Bastar",
"Akola district",
"Uttarandhra",
"Mahakoshal",
"Mandla",
"Rajabazar, Kolkata",
"Second Anglo-Maratha War",
"",
"Jaunpur",
"Doab",
"Kathmandu",
"Bihar",
"Bundelkhand",
"Jharkhand",
"Bangala",
"Koch",
"Gauda",
"Dhaka",
"Bhutan",
"Assam",
"Sylhet",
"Chittagong",
"Bijapur",
"Naga",
"Darrang district",
"Sri Lanka",
"Kachar",
"Andaman Islands",
"Balochistan",
"Indus River",
"Quetta",
"Khyber",
"Arakan",
"Chin",
"Sagaing",
"Kachin",
"Theinni",
"Yazathingyan",
"Taungoo",
"Bago, Burma",
"Kengtung Township",
"Mong Nai",
"Chiang Mai",
"Mawlamyine",
"Tenasserim",
"Ratchaburi",
"Lester",
"Pattani Province",
"Perak",
"Malacca",
"Johor",
"Pahang",
"Kelantan",
"Ayutthaya",
"",
"Hankha District",
"Rayong",
"Oudong",
"",
"Vithoba",
"Vijaya",
"Champasak",
"Siem Reap",
"Bình Trị Thiên",
"Thakhek",
"Khorat",
"Thang Long",
"Vientiane",
"Luang Prabang",
"Việt Bắc",
"Aceh",
"Aru",
"Minangkabau",
"Siak",
"Bengkulu",
"Palembang",
"Lampung",
"Banten",
"Parahyangan",
"Mataram",
"Kingdom of Blambangan",
"Surabaya",
"Demak",
"Sunda",
"Indomaret",
"Sumbawa",
"Flores",
"Sumba",
"Timor",
"Brunei",
"Sabah",
"Kūtei-kan",
"Banjarmasin",
"",
"Makassar",
"Bone",
"List of human positions",
"Menades",
"Buru",
"Canthigaster amboinensis",
"Lucideon",
"Halmahera",
"Ternate",
"Tidore",
"Sulu",
"",
"Tagoloan",
"Visayas",
"Palawan",
"Manila",
"Ilocos Sur",
"Cagayan",
"Riau",
"",
"Dali",
"Yunnan",
"Wenshan",
"Guangxi",
"XXX",
"Hainan",
"Guangzhou",
"Macau",
"Fuzhou",
"Ganzhou",
"Changsha",
"Chenzhou",
"Bozhou",
"Guiyang",
"Liangshan",
"Ü-Tsang",
"Chamdo",
"Kham",
"Sichuan Basin",
"Navel in popular culture",
"Yichuan",
"Hanyang",
"Nanchang",
"Hangzhou",
"Huai'an",
"Anqing",
"Running",
"Kaifeng",
"Fengyuan District",
"Shandong Peninsula",
"Jinan",
"Handan",
"Sanguan Tularaksa",
"Changzhi",
"Beijing",
"Cao Lin",
"Datong",
"Guyuan",
"Lanzhou",
"Shaanxi",
"Ordos City",
"Khalkha Mongolian",
"Chengde",
"Liaoxi Province",
"East Chadic languages",
"Amdo",
"Yumen",
"Gansu",
"Ningxia",
"Hotan",
"Qarqan",
"East Turkestan",
"Gobi Desert",
"Dzungaria",
"Ürümqi",
"Tuvan People's Republic",
"Selenge",
"Govi-Altai Province",
"Khangai",
"List of etymologies of country subdivision names",
"Dornod Province",
"Chahar",
"Xilingol League",
"Albazino",
"Hinggan",
"Liaodong Peninsula",
"Heilongjiang",
"Sanxing",
"Ussuri River",
"Haixi",
"Ning'an",
"Hamgyong",
"Pyongan",
"Gangwon",
"Gyeonggi Province",
"Gyeongsang",
"Jeolla",
"Taiwan",
"Kashgar",
"Malwa",
"Cumaná",
"Guyana (disambiguation)",
"Essequibo",
"Demerara",
"Suriname",
"Cayenne",
"",
"Grão Pará",
"Maranhão",
"Alpercatas River",
"Ceará",
"Oeiras",
"Rio Grande",
"Itamaracá",
"Pernambuco",
"Bahia",
"Ilhéus",
"Goiás",
"Dominick John Lagonegro",
"Porto Seguro",
"Espírito Santo",
"São Tomé",
"Rio de Janeiro",
"Santo Amaro",
"Minas Gerais",
"São Vicente",
"Mato Grosso",
"Guayrá",
"Santana",
"Tape",
"Patos, Paraíba",
"Uruguay",
"Cándido Fabré",
"Mbaracayú",
"Jerez de la Frontera",
"",
"Paraná",
"Río de la Plata",
"Serranos",
"",
"List of Ultras of South America",
"Tierra del Fuego",
"Fitzroya",
"Butalmapu",
"",
"Gran Desierto de Altar",
"",
"Cuyo",
"Pampas",
"National University of the Chaco Austral",
"Catamarca",
"Copiapó",
"Atacama Desert",
"San Salvador de Jujuy",
"Sud Chichas Province",
"Arica",
"Caracara",
"Charcas",
"Chaco",
"Chiquitos",
"Caranga",
"Moxos",
"Puno",
"Arequipa",
"Nazca",
"Ayacucho",
"Cusco",
"Lima",
"Huancavelica",
"Tarma",
"Wang Chanchan",
"Cajamarca",
"Huánuco",
"Maynas Province, Peru",
"Tumbes",
"Santa Ana",
"Canelos",
"Guayaquil",
"Quito",
"Quijos-Quichua",
"Caquetá",
"Cauca",
"Mariquita",
"Bogotá",
"Choco",
"Antioquia Department",
"Cartagena",
"Magdalena",
"Maracaibo",
"Caracas",
"",
"Tunja",
"Barinas",
"Panama",
"Mangue language",
"Nicaragua",
"Mosquito",
"Pipil",
"Honduras",
"Guatemala",
"Petén",
"Belize",
"Zapotec",
"Campeche",
"Yucatán",
"Mixtec",
"",
"Tlapanec",
"Tlaxcala",
"Tarascan",
"Mexico",
"Huastec",
"",
"Huichol people",
"Zacatecas",
"Guachichil",
"Tamaulipas",
"Sinaloa",
"Tepehuán people",
"Coahuila",
"Yaqui",
"Suma",
"Concha",
"Cochimí people",
"Guaycura people",
"Mojave",
"Chumash",
"Salinan",
"",
"Postmodernism",
"Kalapuya",
"Chinook",
"Salish",
"Canyon",
"Yavapai",
"Pima",
"Navajo",
"Apache",
"Pueblo",
"Piro",
"Mescalero",
"Lipan",
"Karankawa people",
"Comanche",
"Waco, Texas",
"Tonkawa",
"Atakapa people",
"Arapaho",
"Kiowa",
"Jicarilla Apache",
"Wichita",
"Chitimacha",
"Caddo",
"Arkansas",
"Ozarks",
"Quapaw",
"Kansas",
"Osage",
"Tamaroa",
"Pawnee",
"Missouri",
"Omaha, Nebraska",
"Nakota",
"Iowa",
"Lakota",
"Dakota",
"Minnesota",
"Mandan",
"Ojibwe",
"Menominee",
"Sauk",
"Fox Broadcasting Company",
"Winnebago",
"Illinois",
"Kaskaskia",
"Cahokia",
"Tennessee",
"Chickasaw",
"Choctaw",
"Houma people",
"Mobile",
"Pensacola, Florida",
"Alabama",
"Tuskegee, Alabama",
"Seminole",
"Timucua",
"Apalachee",
"Muskogee",
"Yamasee",
"Chiaha",
"Santee",
"Catawba",
"Shawnee",
"Cherokee",
"Cheraw",
"Tuscarora",
"Pamlico",
"Pennyrile",
"Kentucky",
"Cumberland",
"Wea",
"Miami",
"Potawatomi",
"Michigan",
"Wyandot",
"Erie, Pennsylvania",
"Ohio",
"Monacan",
"Powhatan",
"Kanawha",
"Manahoac",
"Conoy",
"Allegheny",
"Susquehanna",
"Lenape",
"Delaware",
"Seneca",
"Cayuga",
"Onondaga",
"Oneida",
"United Nations Assistance Mission for Iraq",
"Mahican",
"Mohawk",
"Manhattan",
"Connecticut",
"Narragansett",
"Massachusetts",
"Turners Falls, Massachusetts",
"Pennacook",
"Abenaki",
"Nootka",
"Squamish",
"Kwakwaka'wakw",
"Tsimshian",
"Tlingit",
"Yakutat",
"Kenai, Alaska",
"Aleut",
"Beothuk",
"Newfoundland (island)",
"",
"Prince Edward Island",
"Acadia",
"Micmac",
"Mi'kmaq",
"Niagara",
"Huron",
"Ontario",
"Glooscap",
"Ottawa",
"Algonquin",
"Hochelaga",
"Stadacona",
"",
"Innu",
"Labrador",
"Ungava",
"Nunavik",
"Cree",
"Sault",
"Iroquois Falls",
"Moose Cree",
"Attawapiskat First Nation",
"Swampy Cree",
"Chipewyan",
"Ojibwe",
"Winnipeg",
"Atikaki Provincial Wilderness Park",
"Manitoba",
"Woods Cree",
"Satsuma",
"Chungcheong",
"Bungo",
"Okinawa Prefecture",
"Nghệ An Province",
"Nagato",
"Izumo",
"Harima Province",
"Kyoto",
"Settsu, Osaka",
"Amaravati",
"Echizen",
"Echigo Province",
"Dewa",
"Mutsu",
"Hitachi",
"Japanese battleship Musashi",
"Shinano",
"Owari",
"Kamikawa",
"Kuril Islands",
"Sakhalin",
"Kamchatka Peninsula",
"",
"",
"",
"Anadyrsk",
"Verkhoyansk",
"",
"Gizhiga",
"",
"Okhotsk",
"Taui Bay",
"Yakutsk",
"Ivan Moskvitin",
"Dzhugdzhur Mountains",
"",
"Nikolay Muravyov-Amursky",
"Deren",
"",
"",
"",
"Ilimsk",
"",
"Barguzinsky District",
"Ust-Udinsky District",
"Nerchinsky",
"Bratsk",
"Irkutsk",
"Yeniseysk",
"Marat Alykov",
"Sayan",
"Tomsk",
"Kuznetsk",
"Altai",
"Narym",
"",
"Surgut",
"KODA",
"Tara",
"Salekhard",
"Beryozovsky District",
"Sibir",
"Tyumen",
"Kurgan",
"Solikamsk",
"Ural Mountains",
"Vyatka",
"Energosuchus",
"Ulyanovsk",
"Kazan",
"Pustoshkinsky District",
"Whadjuk",
"Paredarerme language",
"Kaurna",
"Woiwurrung language",
"Wergaia",
"Wiradjuri",
"Eora",
"Gamilaraay",
"Bundjalung",
"Barunggam language",
"Kabi",
"Falkland Islands",
"Cape Verde",
"Fernando Po",
"Saint Helena",
"Socotra",
"Mahe",
"Diego Garcia",
"Mauritius",
"Réunion",
"Tunulliarfik Fjord",
"",
"Whangarei",
"Taranaki",
"Wairoa",
"Timaru",
"Río de Oro",
"Arguin",
"Trarza Region",
"Cayor",
"Gabu",
"Brakna Region",
"Wolof",
"Fouta Djallon",
"Sierra Leone",
"Pepper Coast",
"Bambouk",
"Bure",
"Nzérékoré Prefecture",
"José Joaquín de Olmedo International Airport",
"",
"",
"Ivory Coast",
"Tuat",
"Taoudenni",
"",
"",
"Macina",
"Timbuktu",
"Government Accountability Office",
"Jenne",
"Yatenga Province",
"Gurma people",
"",
"Kumasi",
"Gold Coast",
"Abomey",
"Whydah",
"Dendi",
"Borgu",
"Oyo",
"National Union of Public Employees",
"Ife",
"Benin",
"Gobir",
"Katsina",
"Zamfara State",
"Bonny",
"Idah",
"",
"Zazzau",
"Kano",
"Zinder",
"Damasak",
"Kanem",
"Baguirmi",
"Bornu",
"Bauchi",
"Wukari",
"Calabar",
"Cameroon",
"Gabon",
"Loango",
"Luanda",
"",
"Mayombe",
"Congo",
"Kingdom of Ndongo",
"Benguela",
"Damaraland",
"Northern Cape",
"Namaqualand 0-6-2 Clara Class",
"Roggeveld",
"Cape",
"Karoo",
"Karoo",
"Transkei",
"Natal",
"Maputo Bay",
"Inhambane",
"Zimbabwe",
"",
"Sofala",
"Vadoma",
"Tete, Mozambique",
"Sena language",
"Zumbo",
"Seňa",
"Quelimane",
"Menabe",
"Boina",
"Mozambique",
"Kilwa Kisiwani",
"Ujiji",
"Tabora",
"Bagamoyo",
"Tanga",
"Zanzibar",
"Mombasa",
"Malindi",
"",
"Mogadishu",
"",
"Ogaden",
"Haud",
"Berbera",
"IPod Nano",
"Harar",
"Zeila",
"Shoa",
"American Woman Suffrage Association",
"Tajura",
"Rudolf Carl von Slatin",
"Romans in Sudan",
"Kefa",
"Kurdufan",
"",
"Taqali",
"Jazira",
"Gojjam",
"Gonder",
"Butana",
"Bangladeshi taka",
"Tigre",
"Dongola",
"Berber",
"Massawa",
"Qasr Ibrim",
"Suakin",
"Kargah",
"Nubia",
"Guam",
"Rabaul",
"Papua",
"Solomon Islands",
"Vanuatu",
"Hawaii",
"Kiribati",
"Fiji",
"Samoa",
"Tahiti",
"New Guinea",
"Aorangi",
"Corsica",
"Maldives",
"Yola",
"Limburg",
"Cambrai (disambiguation)",
"Antwerp",
"Cantabria",
"Burgos",
"Cáceres",
"La Mancha",
"Cádiz",
"Alicante",
"Ceuta",
"Rzhev",
"Kostroma",
"Orel",
"Budjak",
"Upper Palatinate",
"Potsdam",
"Koblenz",
"Alzey",
"Kassel",
"Lower Lusatia",
"Burgas",
"NIS",
"Kosovo",
"Osijek",
"Lienz",
"Gorizia",
"Ostmark",
"Erzurum Airport",
"Bratislava",
"Achaea",
"Treviso",
"Holstein",
"Karelia",
"KOLA",
"Kasimov",
"Rub' al Khali",
"Komi",
"West Siberian",
"Siberia",
"Koryak",
"Gangshan District",
"Karakoram",
"Taklamakan Desert",
"Himalayas",
"Arunachal Pradesh",
"Maoke Mountains",
"Western Australia",
"Central Australia",
"Antananarivo",
"El Djouf",
"Mount Tahat",
"Calophasia platyptera",
"Central Africa",
"Kongō-class battlecruiser",
"Uganda",
"Malawi",
"Zambia",
"Kalahari Desert",
"Yutaje Falls",
"Pristimantis lythrodes",
"Greenland",
"Quebec",
"North Caribou Lake First Nation",
"Baffin Island",
"Great Basin",
"Great Plains",
"Alaska",
"Nunavut",
"Northwest Territories",
"Saskatchewan",
"Columbia",
"Ayeyarwady",
"Hejian",
"Nan",
"Chikuzen",
"Tosa",
"AWA",
"Nanjing",
"Shanghai",
"Stung Treng",
"Wenzhou",
"Aki",
"Lika",
"Raška",
"Soli",
"Xiamen",
"Tajima",
"Travunija",
"Yamato",
"Ji'an",
"Tartu",
"Mino",
"Nanyang",
"Etchū Province",
"Hefei",
"Totomi game",
"Guilin",
"Marienburg",
"Narva",
"Kōzuke Province",
"",
"Ground (Dzogchen)",
"Yozgat",
"Shiribeshi Subprefecture",
"Hamid",
"Hama",
"Mudanjiang",
"Ribatejo Province",
"Tokachi",
"Kozani",
"Negev",
"Sidon",
"Abkhazia",
"Lauenburg (Elbe)",
"Szczecin",
"Toruń",
"Norfolk",
"Derby",
"Cremona",
"Graz",
"Somogy",
"Ghent",
"Namur",
"Freiburg im Breisgau",
"Augsburg",
"Zürich",
"Hubert Österle",
"Wallis",
"Ulm",
"Chur",
"Turin",
"Frankfurt",
"Charolais",
"Aachen",
"Alençon",
"Sundgau",
"Saint Barthélemy",
"Annaba",
"Åland Islands",
"East Frisia",
"Bari",
"Lucania",
"Semigallia",
"Kaunas",
"Wizna",
"Łęczyca",
"Belz",
"Turov",
"Zhytomyr",
"Bratslav",
"Cherkasy",
"Novhorod-Siverskyi",
"Desh",
"Carnatic",
"Bidar",
"Rayalaseema",
"Meghalaya",
"Hunyad County",
"Máramaros County",
"Szabolcs",
"Torontál County",
"Kholmogory",
"Suzdal",
"Galich",
"Kargopol",
"Torzhok",
"Ostrov",
"Ladoga",
"Kudymkar",
"Cherdyn",
"Syktyvkar",
"Buzuluk",
"Chelyabinsk",
"Khujand",
"Kulob",
"Sozak",
"",
"Volgograd",
"Udmurtia",
"Urgench",
"",
"Shetland",
"",
"Bornholm",
"Blekinge",
"Lolland",
"North Jutland",
"Närke",
"New Caledonia",
"Society Islands",
"Easter Island",
"Tonga",
"Tuvalu",
"Gilbert Islands",
"Nauru",
"Marshall Islands",
"Wake",
"Micronesia",
"Palau",
"Midway",
"Christmas Island",
"Cocos Island",
"Galápagos Islands",
"Djibouti",
"Qusayr",
"Suceava",
"Thessaloniki",
"Singapore",
"Sarawak",
"Arlon",
"Oujda",
"Komotini",
"Dobruja",
"Hong Kong",
"The Gambia",
"Togo",
"Ribe",
"Overijssel",
"Qingdao",
"Dalian",
"Swaziland",
"Lesotho",
"Mpumalanga",
"Botswana",
"Okavango",
"Cuando Cubango Province",
"Moxico",
"Lusaka",
"Niassa Province",
"Mbeya",
"Matabeleland",
"Katanga",
"Kivu",
"Burundi",
"Rwanda",
"Kinshasa",
"Ogooué River",
"Likouala",
"Equatorial Guinea",
"Maroua",
"Bangui",
"Borana",
"South Sudan",
"Ouaddaï",
"West Darfur",
"Tibesti Mountains",
"Niger",
"Hoggar Mountains",
"Kodok",
"Grand Erg Occidental",
"Agadez",
"North Darfur",
"Sabha",
"Borkou",
"Kisangani",
"Kasai",
"Bandundu",
"Comoros",
"Adrar",
"Tademaït",
"Tindouf",
"Juba",
"Logone",
"Adamawa",
"Iquitos",
"Leticia Incident",
"Upper Orinoco tree frog",
"Tucuruí",
"Roraima",
"Tocantins",
"Rondônia",
"Manaus",
"Para",
"Acre",
"South Georgia and the South Sandwich Islands",
"Washington",
"Oregon",
"Nevada",
"Idaho",
"Great Salt Lake",
"Utah",
"Colorado",
"Wyoming",
"Regina",
"Alberta",
"Yukon",
"Côte-Nord",
"Kitaa",
"Rocky Mountains",
"Calgary",
"Saskatoon",
"Edmonton",
"West Timor",
"Nyamal language",
"Nullarbor Plain",
"Wajarri language",
"Nauo language",
"Nyungar language",
"Nyigina language",
"Ngarinyin language",
"Larrakia",
"Yolngu",
"Gurdjar language",
"List of Indigenous Australian group names",
"List of Indigenous Australian group names",
"Biri",
"Kalaamaya language",
"Adnyamathanha",
"Wangkumara language",
"Kungkari language",
"Yirandhali language",
"Mudbura language",
"Uluru",
"Warluwarra language",
"Western Desert language",
"Nenets",
"Norilsk",
"Saint Vincent",
"Jammu",
"Ubykhia",
"Lesbos",
"Kalanga",
"Ndola",
"Bamenda",
"Ouham",
"Kuwait",
"Ktunaxa",
"Oglala",
"Androscoggin tribe",
"Kennebec",
"Nipigon",
"Bungi Creole",
"",
"Miwok",
"Crow Nation",
"Haida",
"Munsee",
"Ajuran Sultanate",
"Urmia",
"Lida",
"Nyanza",
"Nakhchivan",
"Acholi people",
"Bukovina",
"Gdynia",
"Euboea",
"Chari",
"Bouar",
"Owando",
"Kalemie",
"Kolwezi",
"Solwezi",
"Luapula River",
"Lunda",
"Mwanza",
"Dodoma",
"Mount Kilimanjaro",
"North-West District (Botswana)",
"Karas",
"Oshana Region",
"Huambo",
"Kasai-Oriental",
"Maniema",
"Maymana",
"Bamyan",
"Kunduz",
"Sri Charitropakhyan",
"Jalalabad",
"Ladakh",
"Margalla Hills",
"Sialkot",
"Sind Sagar Doab",
"Derajat",
"Cholistan Desert",
"Siwi",
"Sehwan Sharif",
"Bela",
"Umerkot",
"Doaba, Punjab",
"Ajitgarh",
"Panipat",
"Kumaon",
"Shekhawati",
"Nagaur",
"Ajmer",
"Gorwar",
"Chittorgarh",
"Patan",
"Girnar",
"Bhavnagar",
"Rewa Kantha Agency",
"Vadodara",
"Chanderi",
"Vidisha",
"Mahadeo",
"Baglana",
"Pune",
"Chaul",
"",
"Uttara Kannada",
"Dakshina Kannada",
"Malenadu",
"Tirunelveli",
"Vanni",
"Kandy",
"Thanjavur",
"Gingee",
"Arcot, Vellore",
"",
"Kurnool",
"",
"",
"Gulbarga",
"Mahur",
"Chanda",
"Konaseema",
"Srikakulam",
"Balasore",
"Khordha",
"Sambalpur",
"Raipur",
"Bagelkhand",
"Kalpi",
"Etawah",
"Rohilkhand",
"",
"",
"Gorakhpur",
"Varanasi",
"Mithila (ancient)",
"Limbuwan",
"Bhagalpur",
"Barind Tract",
"Damin",
"Lakhnor",
"Midnapore",
"Sundarbans",
"Nasirabad",
"Koch Hajo",
"Sadiya",
"Manipur",
"Tripura",
"Thaungdut",
"Tamanthi",
"Hkamti Long",
"Mogaung",
"Hsipaw",
"Circassia",
"Kabardino-Balkaria",
"Terek",
"Tarki",
"",
"Kakheti",
"Guria",
"Meskheti",
"Erzincan",
"Diyarbakır",
"MUSH",
"Cizre",
"Sinjar",
"Syrian Coastal Mountain Range",
"Tikrit",
"Ali Saed Bin Ali El-Hoorie",
"Samayah",
"Wasit, Iraq",
"Ilam",
"Kermanshah",
"Ardalan",
"Maragheh",
"Melikdoms of Karabakh",
"Zanjan",
"Qazvin",
"Markazi",
"Semnan",
"Ardakan",
"Yasuj",
"Sarvestan",
"",
"Bandar Lengeh",
"Kyzyl-Suu",
"Ashgabat",
"Bojnord",
"Kumis",
"Sabzevar",
"Birjand",
"Rafsanjan",
"Bam",
"Quhistan",
"Kharan",
"Chagai",
"Bust",
"Aïn Ferah",
"Tagant",
"Termes",
"Hodh",
"",
"Galam",
"Takrur",
"Atomico",
"Kantor",
"Biafada language",
"Ghana Empire",
"Do",
"Joma",
"Battle of Jenné",
"Bagoé River",
"Beindou, Faranah",
"Méma",
"Bara",
"Kala",
"Douentza",
"Hombori",
"",
"Kong",
"Lobi",
"Tenkodogo",
"Bilanga",
"Liptako",
"Gyaaman",
"Cape Coast",
"Denkyira",
"Bonoman",
"Kingdom of Dagbon",
"Atakora",
"Moshi",
"Ketu",
"Ijebu Kingdom",
"Ondo",
"Yauri Emirate",
"Kebbi State",
"Rano",
"Biram",
"Bade language",
"Margi language",
"Azawagh",
"",
"",
"Dallol",
"Ader",
"Aïr Mountains",
"",
"Daura",
"",
"Kaouar",
"Yao",
"Kotoko",
"Kaoru",
"Saruhan",
"Bolu",
"Canik",
"Bozok",
"Kayseri",
"Teke",
"International Commission on English in the Liturgy",
"Antioch",
"Malatya",
"Biga",
"Thandwe",
"Paganism",
"Mongpai",
"Mottama",
"Dawei",
"Phra Bang",
"Phitsanulok",
"Chaiyaphum",
"Nong Bua Lamphu",
"Luang Namtha",
"Nong Khai",
"Savannakhet",
"Khukhan District",
"La Bomba",
"Cao Bằng",
"Hà Tĩnh",
"Central Highlands (Vietnam)",
"Nha Trang",
"",
"2010 Cambodian League",
"Kratié",
"Phnom Penh",
"Battambang",
"Phetchaburi",
"Chaiya District",
"Phuket Province",
"Kedah",
"Terengganu",
"Selangor",
"Samudera Pasai Sultanate",
"Peureulak Sultanate",
"Gayo",
"Batak",
"Rokan-kanan River",
"",
"",
"Vindhyagiri Hill",
"Jambi",
"Nias",
"Bangka",
"Sukabumi",
"Cirebon",
"Karia",
"Kediri",
"Madura Island",
"Lombok",
"Sibu",
"Pontianak",
"Sampit",
"Barito River",
"Samarinda",
"Berau",
"Bulungan Regency",
"Tarakan, North Kalimantan",
"Lahad Datu",
"Borneo",
"Palopo",
"Palu",
"Gorontalo",
"",
"Konye-Urgench",
"Atakent",
"Shymkent",
"Talas",
"Naryn",
"Orda",
"Atyrau",
"Utva Aviation Industry",
"Jüz",
"",
"Aral, Kazakhstan",
"Altyn",
"",
"",
"Urzhar",
"",
"",
"Adocus",
"Bagana",
"Odinov culture",
"Guge",
"Shigatse",
"Lhasa",
"Nyingchi",
"Markam County",
"",
"Dege",
"Siberian Turkic languages",
"History of the administrative divisions of China (1912–49)",
"Xining",
"Liangzhou District",
"Guangde County",
"List of 21st-century classical composers",
"Lijiang",
"Dehong Dai and Jingpo Autonomous Prefecture",
"Pu-erh tea",
"Guangnan County",
"Beck – I Guds namn",
"Lianzhou",
"Leizhou",
"Yazhou District",
"Wuzhou",
"",
"Huizhou",
"Chaozhou",
"Tingzhou",
"Jianning",
"Jinhua",
"Ningbo",
"Shanyin County",
"Ningguo",
"Jiangxi",
"Poyang",
"Hengyang",
"Yuanling County",
"Zhenyuan",
"Umung-gahtawng",
"Langzhong",
"",
"Yichang",
"Luoyang",
"Shangqiu",
"Fuyang",
"Xuzhou",
"Fengyang County",
"Zhenjiang",
"Yangzhou",
"Qingzhou",
"Wuding County",
"Yanzhou District",
"Daming",
"Taoye Ferry",
"Lu'an",
"Taiyuan",
"Yan'an",
"Pingliang",
"Tianshui",
"Gaizhou",
"Andong",
"North Gyeongsang Province",
"Gyeonggi Province",
"North Pyongan Province",
"North Hamgyong Province",
"",
"Jeju",
"Derna",
"Bardia",
"Al-Watah ballistic missile base",
"Wadi Halfa",
"Nubian Desert",
"Hala'ib",
"Asyut",
"Minya",
"Ras Gharib",
"Al Gharbia",
"Suez",
"Ma'an",
"Tayma",
"Yanbu",
"",
"Unaizah",
"Qanat",
"Tamara",
"Truba",
"Jeddah",
"Jazan",
"Al-Ahqaf",
"Al Jawf",
"Kinda",
"Blue Nile (state)",
"Ash Sharqiyah",
"Abd al-Qays",
"Yabrin",
"Hafar Al-Batin",
"Latakia",
"Tadmur",
"International Tent Pegging Federation",
"Hohhot",
"Erenhot",
"Clan Nara",
"Aisin Gioro",
"Hunchun",
"Qiqihar",
"Sartu District",
"Acheng District",
"Mergen",
"Aigun",
"Bureya River",
"",
"Kuru",
"Iman",
"Yaran",
"Saguia el-Hamra",
"Agadir",
"Haha",
"Al Gharbiyah",
"Meknes",
"Tadla (region)",
"Ouarzazate",
"Limpopo",
"Saoura",
"Kasdir",
"Ouarsenis",
"Dahra",
"Titteri",
"Hodna",
"Mzab",
"Touggourt",
"Ouargla",
"Bizerte",
"KEF",
"Sous",
"Sfax",
"Zuwarah",
"Ghadames",
"Jufra District",
"Misrata",
"Djanet",
"Ghat",
"Tajarhi",
"Djado Plateau",
"Ennedi Plateau",
"Khoikhoi",
"Gauteng",
"Zululand",
"Narbonne",
"Soria",
"Cuenca",
"Przemyśl",
"Vidin",
"Plovdiv",
"Vitebsk",
"Pereiaslav-Khmelnytskyi",
"Gospel in Islam",
"Principality of Theodoro",
"Melitopol",
"Mansur",
"Taiyuan Wusu International Airport",
"Bahmut",
"Lipetsk",
"",
"",
"Majar",
"Kuma",
"List of Turkish exonyms",
"Ukek",
"Dattatraya Ganesh Godse",
"Alatyr",
"San Juan de la Maguana",
"Magua",
"Baracoa",
"Bayamo",
"Camagüey",
"Nicoya",
"Managua",
"Ulúa River",
"Lenca people",
"Olancho Department",
"",
"Iximche",
"",
"Uaymil",
"Employees' Compensation Appeals Board",
"Mani",
"Ah Canul",
"",
"History of the Aztecs",
"Chiapas",
"",
"Tehuantepec",
"Mixe people",
"Tochtepec (municipality)",
"",
"Puebla",
"Pre-Columbian Mexico",
"Veracruz",
"Cholula",
"Teloloapan",
"Tlapanec people",
"Cihuatlán",
"Cutzamala",
"La Unión de Isidoro Montes de Oca",
"Apatzingán",
"Colima",
"Tizapan El Alto",
"Cuitzeo",
"",
"Guamare",
"Metztitlán",
"",
"Geneina",
"Gustav Kobbé",
"Kosti",
"Soba",
"Sennar",
"Bahr el Ghazal",
"Nuer",
"Hamasien",
"Mendefera",
"Axum",
"Semien",
"Dembiya",
"Lasta",
"Angot",
"Wollo Province",
"Agaw people",
"Asosa",
"Damot",
"Illubabor",
"Welayta",
"Afder Zone",
"Ankober",
"Arsi",
"Sultanate of Dawaro",
"Mora",
"Degehabur",
"Hargeisa",
"Togdheer",
"Sanaag",
"Ancient inscriptions in Somalia",
"Bosaso",
"Hafun",
"Qardho",
"Garoowe",
"Hobyo",
"Mareeg",
"El Buur",
"Warsheikh",
"Beledweyne",
"Afgooye",
"Merca",
"Bardera",
"Barawa",
"Kismayo",
"Pate",
"Tana",
"Veraguas Province",
"Darien",
"Guajira",
"Neiva, Huila",
"Popayán",
"Meta",
"Puerto Carreño",
"Guaviare",
"Esmeraldas",
"Piura",
"Túcume",
"Huancabamba District, Oxapampa",
"Chachapoyas",
"Moyobamba",
"Piscobamba District",
"Huaraz",
"Chimbote",
"Ucayali River",
"Quero",
"Ayaviri",
"Camaná",
"Macaya",
"Madre de Dios",
"San Joaquin",
"Santa Cruz de la Sierra",
"Fuerte Olimpo",
"Sucre",
"Tarija",
"Potosi",
"Santuario de Quillacas",
"Oruro",
"Tiwanaku",
"Iquique",
"Calama",
"Coquimbo",
"Chiloé Archipelago",
"Aisén",
"Comodoro Rivadavia",
"Rawson",
"Chubut",
"Poya",
"Bahía Blanca",
"Carmen",
"Rio Negro",
"Nadar (caste)",
"",
"Mendoza",
"San Luis",
"Olavarría",
"Querandí",
"Rosario, Santa Fe",
"",
"Chepes",
"Rioja",
"Santiago del Estero",
"Tucumán Province",
"Santa Catalina",
"Matara",
"Regions of Argentina",
"Corrientes",
"",
"Misiones Province",
"Colonia",
"Montevideo",
"Salto",
"Santiago",
"Itapúa Department",
"Concepción",
"Melodia",
"Santa Tecla",
"Santa Catarina",
"Castro",
"Campinas",
"List of shipwrecks in August 1942",
"Ofayé language",
"Corumbá",
"Cáceres, Mato Grosso",
"Vila Bela da Santíssima Trindade",
"Cerejeiras",
"Diamantino",
"Rio das Mortes",
"Vila Boa",
"1970 in country music",
"Araxá",
"List of airports by ICAO code: S",
"Ouro Preto",
"Serro",
"Rio de Contas",
"Paratinga",
"Campo Largo",
"List of municipalities in Minas Gerais",
"",
"Conceição",
"Natividad",
"Pastos Bons",
"Parnaguá",
"Barra",
"Inhambupe",
"Jeremoabo",
"Sergipe",
"Pambeh Juq",
"Crato",
"",
"Paraíba",
"Parnaíba",
"Timon",
"Alcantara",
"Marajó",
"Oiapoque",
"",
"Guyana",
"Barcelos",
"Madeira River",
"Juruá River",
"Xingu",
"Paramaribo",
"Pedara",
"Orinoco Delta",
"Monagas",
"Angostura",
"Zaraza",
"Apure",
"Llanos",
"Coro",
"Altagracia",
"Merida",
"Wystruć",
"Cheboksary",
"",
"",
"Bashkirs",
"Iglino",
"List of ethnic groups in Russia",
"Tikhvin",
"Mbama language",
"Highveld",
"Graaff-Reinet",
"Chewa",
"Gokwe region",
"Butua",
"Buhera",
"Angoche",
"Lindi",
"Dar es Salaam",
"Tessel Middag",
"Kelam Welega Zone",
"Pangasinan",
"Tondo",
"Bicol",
"Panay",
"Butuan",
"Davao City",
"Sula",
"Buton",
"Yamdena",
"Maluku Islands",
"Fakfak",
"Yos Sudarso",
"Daru",
"Kerema",
"Lae",
"Gunditjmara",
"Yuin",
"Waitaha",
"Napier, New Zealand",
"Hamilton, New Zealand",
"Yarkand",
"Kuqa",
"Korla",
"Ruoqiang Town",
"Hami",
"Ejin",
"Hoboksar Mongol Autonomous County",
"Tacheng",
"Tümen Zasagt Khan",
"Govi",
"Karakorum",
"Tsetserleg",
"",
"Yugan",
"Agan",
"Váh",
"Barnaul",
"Pechora Sea",
"List of villages in Bhutan",
"",
"Chulym",
"Kan",
"Ust-Kut",
"Chara",
"",
"Chuna River",
"",
"Zeya River",
"Kareli, Madhya Pradesh",
"Srednekolymsk",
"Anadyr (town)",
"Bical",
"Cotoname language",
"Los Guerreros del Infierno",
"",
"Toboso",
"Seri",
"Kiliwa people",
"Kumeyaay people",
"Tachi",
"Maidu",
"Shasta",
"Yuki",
"Klamath",
"Chehalis",
"Quileute",
"Hualapai",
"Hopi",
"Zuni",
"Chiricahua",
"Acoma",
"Lipan Apache people",
"Jumano people",
"Lipan Apache people",
"Coahuilteco language",
"Querecho Indians",
"Eyeish",
"Hasinai",
"",
"Central City, Nebraska",
"",
"Arapaho",
"Skiri",
"Dakota people",
"",
"Noquet",
"Moingona",
"Miami people",
"Mitchigamea",
"",
"Adai",
"Biloxi, Mississippi",
"Natchez",
"Yazoo",
"Chickamauga",
"Creek mythology",
"Indigenous peoples of the Southeastern Woodlands",
"Chatot",
"Mayaimi",
"Calusa",
"Yustaga",
"Mocama",
"Hitchiti",
"Coweta, Oklahoma",
"Saluda",
"Cusabo",
"Waccamaw",
"Chicora",
"Waxhaw, North Carolina",
"Yadkin",
"Roanoke",
"Tutelo",
"Waccamaw Siouan",
"Doeg",
"Monongahela",
"Allegheny Mountains",
"Wabash",
"Piankeshaw",
"Chillicothe",
"Mascouten",
"",
"Honniasont",
"Juniata",
"Akhrakouaeronon",
"Potomac",
"Nanticoke",
"Raritan",
"",
"Quinnipiac",
"Wampanoag people",
"Adirondack",
"Missisquoi (electoral district)",
"Missiquoi",
"Merrimack",
"Androscoggin",
"Passamaquoddy",
"Aroostook",
"Henri Membertou",
"",
"",
"Madawaska",
"Sackville, New Brunswick",
"Maliseet",
"Les Etchemins Regional County Municipality",
"Loup",
"Atikamekw",
"",
"Manicouagan",
"Mingan, Quebec",
"Anticosti Island",
"Placentia",
"Naskapi",
"Native North America, Vol. 1",
"Tkaronto",
"Petun",
"Odawa",
"",
"",
"Timiskaming",
"",
"Kesagami River",
"",
"",
"",
"Swampy Cree",
"Musali Divisional Council",
"",
"",
"Nakoda (Stoney)",
"Ermineskin Cree Nation",
"Athabasca",
"Ribes glandulosum",
"Siksika Nation",
"Sekani",
"Dakelh",
"Secwepemc",
"Okanagan",
"Nisga'a",
"Sitka",
"Eyak",
"Kodiak",
"Yakima, Washington",
"Spokane, Washington",
"Palus",
"Umatilla",
"",
"Goshute",
"Gros Ventre",
"Crow Nation",
"",
"",
"Hidatsa",
"",
"Sofia (Filipino singer)",
"Sogn",
"Lingga",
"Belitung",
"Mentawai",
