"Cree",
"Waskaganish",
"Sault",
"Sault Ste. Marie",
"Iroquois Falls",
"Amos",
"Val-d'Or",
"Moose Cree",
"Moose Factory",
"Attawapiskat First Nation",
"Swampy Cree",
"York Factory",
"Chipewyan",
"Winston Churchill",
"Ojibwe",
"Fort Kaministiquia",
"Thunder Bay",
"Manitoba",
"Fort Maurepas",
"Winnipeg",
"Atikaki Provincial Wilderness Park",
"St. Theresa Point, Manitoba",
"Groningen",
"Fort Dauphin",
"Brandon",
"Woods Cree",
"The Pas",
"Kagoshima",
"Gongju",
"Daejeon",
"Funai",
"Oita",
"Shuri",
"Naha",
"Thanh Hóa",
"Yamaguchi",
"Hagi",
"Izumo",
"Matsue",
"Himeji, Hyōgo",
"Kobe",
"Albenga",
"Tafelgüterverzeichnis",
"Genoa",
"Kyoto",
"Naniwa",
"Sakai",
"Osaka",
"Indrapura",
"Da Nang",
"Fukui",
"Ichijōdani Asakura Family Historic Ruins",
"Kitanosho Castle",
"Naoetsu Station",
"Niigata",
"Yamagata",
"Aizu",
"Sendai",
"Ohta",
"Alfa Romeo MiTo",
"Edo",
"Kawagoe",
"Tokyo",
"Kōfu",
"Nicaea",
"Nice",
"Kiyosu, Aichi",
"Nagoya",
"Kamikawa",
"Asahikawa, Hokkaido",
"Kuril Islands",
"Kurilsk",
"Sakhalin",
"Yuzhno-Sakhalinsk",
"Otomari",
"Yuzhno-Sakhalinsk",
"Kamchatka Peninsula",
"Petropavlovsk",
"Penzhinsky District",
"Palana",
"Srednekolymsk",
"Chersky",
"Omolon",
"Bilibino",
"Bilibino",
"Pevek",
"Verkhoyansk",
"Turin",
"Turin",
"",
"Suntar-Khayata Range",
"Susuman",
"Gizhiga",
"Omsukchan",
"Sakha",
"Ust-Nera",
"Okhotsk",
"Taui Bay",
"Magadan",
"Yakutsk",
"Ust-Maya",
"Dzhugdzhur Mountains",
"Ayan",
"Okha",
"Alexandrovsky",
"Alexandrovsk-Sakhalinsky",
"",
"Blagoveshchensk",
"Mediolanum",
"Pavia",
"Milan",
"Deren",
"Vanino",
"Aldan",
"Stanovoy",
"Neryungri",
"Hinggan",
"Tahe County",
"Lensk",
"Lensk",
"Kirenga River",
"Severobaykalsk",
"Barguzin",
"Chita",
"UDE",
"Ulan-Ude",
"Ulan-Ude",
"FIBA EuroBasket 2009",
"Borzya",
"",
"Ust-Ilimsk",
"Parma",
"Irkutsk",
"Novosyolovo",
"Angara River",
"Bratsk",
"Sayan",
"Nizhneudinsk",
"Tomsk",
"Kuznetsk",
"Novokuznetsk",
"Novokuznetsk",
"Narym",
"Semey",
"Tunguska",
"Podkamennaya Tunguska Airport",
"Kentucky Educational Television",
"Kolpashevo",
"",
"Surgut",
"Modena",
"Modena",
"Narim",
"Nizhnevartovsk",
"Turkic languages",
"Omsk",
"Salekhard",
"Vorkuta",
"Beryozovsky District",
"Noyabrsk",
"Qashliq",
"Tobolsk",
"Chimgi-Tura",
"Tyumen",
"Kurgan",
"",
"Kama Reservoir",
"Solikamsk",
"Verkhoturye",
"Verkhoturye",
"Yekaterinburg",
"Kirov, Kirov Oblast",
"Vyatka",
"Kirov",
"Brixia",
"Brescia",
"Pelym",
"Nizhny Tagil",
"Serov",
"Bolgar",
"Ulyanovsk",
"Ulyanovsk",
"Kazan",
"Yur Mahalleh, Sari",
"Vetluga",
"Yoshkar-Ola",
"Whadjuk",
"Perth",
"Paredarerme language",
"Hobart",
"Kaurna",
"Adelaide",
"Woiwurrung language",
"Melbourne",
"Wergaia",
"Canberra",
"Wiradjuri",
"Orange",
"Verona",
"Eora",
"Sydney",
"Gamilaraay",
"Toowoomba",
"Bundjalung",
"Brisbane",
"Barunggam language",
"Dalby",
"Rockhampton",
"Falkland Islands",
"Stanley",
"Cape Verde",
"Fernando Po",
"Port Clarence",
"Santa Isabel",
"Malabo",
"Socotra",
"Hadibu",
"Manto",
"Mantua",
"Frösön",
"Östersund",
"Mahe",
"Diego Garcia",
"Mauritius",
"Bourbon",
"Saint-Denis",
"Tunulliarfik Fjord",
"Qaqortoq",
"",
"Nuuk",
"Whangarei",
"Kerikeri",
"Auckland",
"Taranaki",
"Wellington",
"Rotorua",
"Christchurch",
"Trento",
"Merano",
"Dakhla",
"Dakhla, Western Sahara",
"Arguin",
"Nouadhibou",
"Godala",
"Nouakchott",
"Cayor",
"Dakar",
"Foni Kansala",
"Bissau",
"Aligh n'targa",
"Kaédi",
"",
"Linguère",
"Timbo",
"Mamou",
"Sherbro",
"Freetown",
"Cape Mesurado",
"Buchanan",
"Aquileia",
"Forum Iulii",
"Cividale del Friuli",
"Udine",
"Bambouk",
"",
"Kayes",
"Kouroussa",
"Kankan",
"Beyla",
"Nzérékoré",
"Battle of Kirina",
"José Joaquín de Olmedo International Airport",
"Say",
"Bobo-Dioulasso",
"Yamoussoukro",
"Assinie",
"Abidjan",
"Buppah Rahtree Phase 2: Rahtree Returns",
"Taghaza",
"Taoudenni",
"Taoudenni",
"Arawan",
"Eraclea",
"Venice",
"",
"Kidal",
"Macina",
"Timbuktu",
"Government Accountability Office",
"Jenne",
"",
"",
"",
"Hombori",
"Bingo",
"Fada N'gourma",
"Ouagadougou",
"Ouagadougou",
"Ashanti Region",
"Kumasi",
"Accra",
"São Francisco Xavier, Rio de Janeiro",
"Osu, Accra",
"Padua",
"Ferrara",
"Allada",
"Abomey",
"Whydah",
"Porto-Novo",
"Lulama Xingwana",
"Niamey",
"Bussa's Rebellion",
"Nikki",
"Kandi",
"Oyo",
"Kusu",
"Igboho",
"Ibadan",
"National Union of Public Employees",
"Ilorin",
"Toyin Falola",
"Osogbo",
"Oredo",
"Benin City",
"",
"",
"",
"Maradi",
"Katsina",
"Ravenna",
"Bologna",
"Dutsi",
"Sokoto",
"Bonny",
"Port Harcourt",
"Idah",
"Makurdi",
"Lafia",
"Abuja",
"Amina",
"Zaria",
"Kaduna",
"Kano",
"Mashina",
"Tesker",
"N'guigmi",
"Ngala",
"Mao Zedong",
"Massenya",
"Pisa",
"Pisa",
"",
"Ali Gazi",
"Kukawa",
"Maiduguri",
"Bauchi",
"Wukari",
"Jalingo",
"Calabar",
"Cameroon",
"Bonakouamouang Chimney",
"Douala",
"Gabon",
"Loango",
"Luanda",
"Luanda",
"Luanda",
"Benguela",
"Anziku Kingdom",
"Brazzaville",
"Florentia",
"Florence",
"",
"M'banza-Kongo",
"M'banza-Kongo",
"President of Sierra Leone",
"Malanje",
"Namibe",
"Lubango",
"Damaraland",
"Otjimbingwe",
"Windhoek",
"Northern Cape",
"Lüderitz",
"Walvis Bay",
"Namaqualand 0-6-2 Clara Class",
"Rustenburg",
"Johannesburg",
"Roggeveld",
"Upington",
"Cape",
"Cape Town",
"Karoo",
"De Aar",
"Swellendam",
"Siena",
"Siena",
"Thembu people",
"King William's Town",
"Grahamstown",
"East London",
"Ggulu",
"Durban",
"Henrique Mitchell de Paiva Couceiro",
"Maputo",
"Maputo",
"Inhambane",
"Zimbabwe",
"Masvingo",
"Kingdom of Mutapa",
"Mutare",
"Mutare",
"Sofala",
"Boina",
"Portuguese ruins in Zimbabwe",
"Chinhoyi",
"",
"Harare",
"Harare",
"Tete, Mozambique",
"Roma",
"Chikova Primary School",
"Zumbo",
"Seňa",
"Quelimane",
"Morondava",
"Toliara",
"Mahajanga",
"Mahajanga",
"Mozambique",
"Kilwa Kisiwani",
"Kilwa Masoko Airport",
"Ujiji",
"Kigoma",
"Tabora",
"Acraea vuilloti",
"Dar es Salaam",
"Asculum",
"Urbino",
"Umeå",
"",
"Tanga",
"Zanzibar",
"Mombasa",
"Malindi",
"Lamu",
"",
"Mogadishu",
"Galkayo",
"Bale",
"Kelafo",
"Werder, Ethiopia",
"Werder",
"Berbera",
"Abruzzo",
"Benevento",
"",
"Angacha (woreda)",
"Awasa",
"List of Power Rangers Samurai characters",
"Harar",
"Zeila",
"Battle of Shimbra Kure",
"Debre Berhan",
"Munesa",
"Addis Ababa",
"Mohamed Kamil",
"Asaita",
"Semera",
"Assab",
"Takala",
"Kaduqli",
"Gambela",
"Anderaccha",
"Jimma",
"Włodzimierz Dzieduszycki",
"Al-Fashir",
"Neapoli",
"Naples",
"Bayuda Desert",
"Omdurman",
"Al-Ubayyid",
"Wad Madani",
"Enbaqom",
"Bahir Dar",
"Gondar",
"Gonder",
"Al Qadarif",
"",
"Kassala",
"Hintalo",
"Mek'ele",
"Napata",
"Dongola",
"Atbara",
"Berber",
"Tarentum",
"Taranto",
"Massawa",
"Massawa",
"Aswan",
"Aswan",
"List of nearest galaxies",
"Suakin",
"Port Sudan",
"Kharga Oasis",
"Faras",
"Qasr Ibrim",
"Guam",
"Hagåtña, Guam",
"Hagåtña, Guam",
"Rabaul",
"Kokopo",
"Hanuabada",
"Port Moresby",
"Solomon",
"Honiara",
"Vanuatu",
"Franceville",
"Port Vila",
"Reggio Calabria",
"Reggio Calabria",
"Hawaii",
"Waikiki",
"Hilo, Hawaii",
"Honolulu",
"Kailua, Hawaii County, Hawaii",
"",
"Kiribati",
"Kanton",
"Fiji",
"Levuka",
"Suva",
"Samoa",
"Apia",
"Tuamotus",
"Rikitea",
"Manokwari",
"Sorong",
"Aorangi",
"Bluff",
"Dunedin",
"Aléria",
"Bastia",
"Malé",
"Kwararafa",
"Yola",
"Siracusa",
"Messina",
"Panormos",
"Palermo",
"Melita",
"Medina",
"Valletta",
"Cagliari",
"Cagliari",
"Virunum",
"Boruth",
"Klagenfurt",
"Ptuj",
"Laibach",
"Maribor",
"Copenhagen",
"Pazin",
"Sisak",
"Zagreb",
"",
"Judenburg",
"Linz",
"Linz",
"Vindobona",
"Vienna",
"Sopron",
"Sopron",
"Győr",
"Salona",
"Zadar",
"Zadar",
"Split",
"Epidaurum",
"Ragusa",
"Dubrovnik",
"Ulcinj",
"Ston",
"Žabljak",
"Cetinje",
"Podgorica",
"Podgorica",
"Bona",
"Mostar",
"Hedeby",
"Slesvig",
"Duchy of Schleswig",
"Sirmium",
"Vrhbosna",
"Old town of Visoki",
"Sarajevo",
"Singidunum",
"Belgrade",
"Kruševac",
"Belgrade",
"Smederevo",
"Kragujevac",
"Corfu",
"Corfu",
"Durrës",
"Durrës",
"Durrës",
"Tirana",
"Nicopolis",
"Ioannina",
"Ioannina",
"Gytheio",
"Nafplio",
"Athens",
"Larissa",
"Scupi",
"Skopje",
"Ohrid",
"Orestias",
"Hadrianopolis",
"Edirne",
"Edirne",
"Odense",
"Novae",
"Pliska",
"Veliki Preslav",
"Veliko Tarnovo",
"Byzantium",
"Constantinople",
"Bastilla solomonensis",
"Varaždin",
"Buda",
"Budapest",
"Nové Zámky",
"Joseph Morton (correspondent)",
"Gyula",
"Szeged",
"Argidava",
"Timișoara",
"Oradea",
"Napoca",
"Târgu Mureș",
"Silistra",
"Euchaita",
"Silistra",
"Varna",
"Aarhus",
"Malva",
"Romula",
"Craiova",
"Sucidava",
"Câmpulung",
"Curtea de Argeș",
"Târgoviște",
"Bucharest",
"Kassa",
"Kosice",
"Gortyn",
"Heraklion",
"Heraklion",
"Naxos",
"Ermoupoli",
"Aventicum",
"Bern",
"Tigurini",
"Schwyz",
"Lucerne",
"Rouen",
"Rouen",
"Constantia",
"Caen",
"Rennes",
"Rennes",
"Marstrand",
"Uddevalla",
"Auray",
"Brest",
"Vannes",
"Rohan",
"Lorient",
"Nantes",
"Nantes",
"Bayonne",
"Bayonne",
"Nijmegen",
"Maastricht",
"Bavay",
"Cambrai (disambiguation)",
"Antwerp",
"Antwerp",
"Santander, Spain",
"Santander",
"Calahorra",
"Burgos",
"",
"Cáceres",
"Mariana",
"Jaén",
"Cádiz",
"Gibraltar",
"Qadi",
"Cádiz",
"Bordeaux",
"Bordeaux",
"Lucentum",
"Sant Joan d'Alacant",
"SEPTA",
"",
"Ceuta",
"Rzhev",
"Kostroma",
"Murom",
"Veliky Ustyug",
"Veliky Ustyug",
"Tyras",
"Tigheci",
"Kilia",
"Kilia",
"Amberg",
"Hanover",
"Potsdam",
"Auch",
"Auch",
"Koblenz",
"Koblenz",
"10s BC",
"World Register of Marine Species",
"Mannheim",
"Kassel",
"Cottbus",
"Grünberg",
"Zielona Góra",
"Varna",
"Burgas",
"Serdi",
"Triaditsa, Sofia",
"Sredets",
"Sofia",
"Ulpiana",
"Pristina",
"Osijek",
"Osijek",
"Aguntum",
"Lienz",
"Spital",
"Emona",
"Gorizia",
"Gorizia",
"Ljubljana",
"Turba",
"Pau",
"Krems",
"Litoměřice",
"Liberec",
"Bratislava",
"Bratislava",
"Corinth",
"Patras",
"Andravida",
"Mystras",
"Patras",
"Treviso",
"Treviso",
"Kiel",
"Kem",
"Kandalaksha",
"KOLA",
"Gavriil Baranovsky",
"Murmansk",
"Kasimov",
"Kasimov",
"Rub' al Khali",
"Shaybah",
"Le Mans",
"Le Mans",
"Komi",
"",
"Ukhta",
"Ukhta",
"West Siberian",
"Turukhansk",
"Siberian Federal District",
"Tura",
"Siberia",
"Deputatsky",
"Gangshan District",
"Zhaosu County",
"Maralbexi County",
"Taklamakan Desert",
"Yuli",
"Himalayas",
"Burang",
"Itanagar",
"Maoke Mountains",
"Hollandia",
"Jayapura",
"Angers",
"Angers",
"Western Australia",
"Laverton",
"Central Australia",
"Coober Pedy",
"Antananarivo",
"Ouadane",
"Atar",
"Mount Tahat",
"Al Jawf",
"Calophasia platyptera",
"Al-Qasr",
"Central Africa",
"Bambari",
"Mbandaka",
"Mbandaka",
"Kenya",
"Nairobi",
"Malawi",
"Lilongwe",
"Avaricum",
"Bourges",
"Oslo",
"Zambia",
"Kasama",
"Kalahari Desert",
"Ghanzi",
"Arawan languages",
"Fonte Boa",
"Rondônia bushbird",
"Altamira",
"Tunu",
"Tasiilaq",
"Mistassini",
"North Caribou Lake First Nation",
"Pickle Lake",
"Baffin",
"Iqaluit",
"Great Basin",
"Virginia City, Nevada",
"Reno, Nevada",
"Cheyenne",
"Casper",
"Hilary of Poitiers",
"Poitiers",
"Alaska",
"Fairbanks, Alaska",
"Nunavut",
"Rankin Inlet",
"Northwest Territories",
"Yellowknife",
"",
"Albert, Prince Consort",
"Columbia",
"Hazelton",
"Pathein",
"Beijing",
"Nan",
"Chikuzen",
"Hakata",
"Fukuoka",
"Nakamura",
"OKO",
"Kōchi, Kōchi",
"Uwajima, Ehime",
"Matsuyama, Ehime",
"Vervins",
"Rethel",
"Valenciennes",
"Tokushima Prefecture",
"Nanjing",
"Suzhou",
"Shanghai",
"Stung Treng",
"Wenzhou",
"Open market operation",
"Kōriyama, Fukushima",
"Hiroshima",
"Trsat",
"Rijeka",
"Arsia",
"Stari Ras",
"Trgovište",
"Novi Pazar",
"Banja Luka",
"Jajce",
"Banja Luka",
"Quanzhou",
"Noyon",
"Compiègne",
"Tottori",
"",
"Trebinje",
"Yamato",
"National Archives and Records Administration",
"Ji'an",
"Tartu",
"Tartu",
"Mount Kinka (Gifu)",
"Gifu",
"Nanyang",
"Kanazawa",
"Hefei",
"Sunpu",
"Shizuoka",
"Asterix and the Vikings",
"Paris",
"Guilin",
"Marienburg",
"Elbląg",
"Tallinn",
"Utsunomiya",
"Tourism in Laos",
"Phonsavan",
"Pyongyang",
"Amasya",
"Amasya",
"Shiribeshi Subprefecture",
"Sapporo",
"Isparta",
"Epiphania",
"Société mathématique de France",
"Hama",
"Cenabum",
"Aureliana",
"Orléans",
"2000 World Sports Acrobatics Championships",
"Vladivostok",
"Scalabis",
"Coimbra",
"Coimbra",
"Tokachi",
"Kushiro, Hokkaido",
"Ptolemaida",
"Monastir",
"Kozani",
"Beersheba",
"Sidon",
"Sukhumi",
"Lauenburg (Elbe)",
"Ratzeburg",
"Wolin",
"Szczecin",
"Szczecin",
"Toruń",
"Jordanus de Nemore",
"Nemours",
"Troyes",
"Venta Icenorum",
"Norwich",
"Birmingham",
"Derventio",
"Barwick-in-Elmet",
"Djurås",
"Derby",
"Derby",
"Sheffield",
"Cremona",
"Szombathely",
"Graz",
"Aquincum",
"Kaposvár",
"Pécs",
"Kortrijk",
"Ghent",
"List of protected heritage sites in Binche",
"Namur",
"Lausanne",
"Lausanne",
"Augsburg",
"Augsburg",
"Turicum (Zürich)",
"Zürich",
"Reims",
"Reims",
"",
"St. Gallen",
"Martigny",
"Sion",
"Ulm",
"Dillingen (district)",
"Curia",
"Chur",
"Bremen",
"Embrun, Hautes-Alpes",
"Cuneo",
"Frankfurt",
"Autun",
"Charolles",
"Chalon-sur-Saône",
"Bourne Eau",
"Aachen",
"Pierre Belon",
"Alençon",
"Verdun",
"Bar-le-Duc",
"Verdun",
"Thionville",
"Sequani",
"Sundgau",
"Altkirch",
"Mulhouse",
"Grenada",
"Fort-de-France",
"Saint George (disambiguation)",
"Hippo Regius",
"Annaba",
"Mediomatrici",
"Metz",
"Sigma Thêta Pi",
"Nancy",
"",
"Kengis",
"Kiruna",
"Moulins",
"Vichy",
"Noviodunum",
"Nevers",
"Nevers",
"Dijon",
"Dijon",
"Mariehamn",
"Emden",
"Barium",
"Bari",
"Potenza",
"Potenza",
"Jelgava",
"Jelgava",
"Kaunas",
"Kaunas",
"Grodno",
"Wizna",
"Łomża",
"Łęczyca",
"Besançon",
"Besançon",
"Chervonohrad",
"Turov",
"Gomel",
"Zhytomyr",
"Bratslav",
"Uman",
"Cherkasy",
"Novhorod-Siverskyi",
"Unecha",
"Kolhapur",
"Satara (city)",
"Tiruchirappalli",
"Bidar",
"Penukonda",
"Chandragiri",
"Chittoor",
"Périgueux",
"Bergerac",
"Shillong",
"Sarmizegetusa",
"Alba Iulia",
"Cluj-Napoca",
"Khust",
"Uzhhorod",
"Debrecen",
"CUSUM",
"Zrenjanin",
"Novi Sad",
"Kholmogory",
"Severodvinsk",
"Suzdal",
"Ivanovo",
"Ivanovo",
"Galich",
"Kineshma",
"Kargopol",
"Torzhok",
"Limoges",
"Limoges",
"Ostrov",
"Staraya Ladoga",
"Ladoga",
"Novaya Ladoga",
"Kudymkar",
"Cherdyn",
"",
"Syktyvkar",
"Syktyvkar",
"Buzuluk",
"Buzuluksky District",
"Chelyabinsk",
"Chelyabinsk",
"Khujand",
"Kulob",
"Dushanbe",
"Dushanbe",
"Dushanbe",
"Sayram (city)",
"Sozak",
"Turkestan",
"Tolosa",
"Toulouse",
"",
"Kazaly",
"Kazaly",
"Sary su River",
"Volgograd",
"Volgograd",
"Volgograd",
"",
"Izhevsk",
"Urgench",
"Kherson",
"Leirvik",
"Lerwick",
"Tórshavn",
"Eudesmia",
"Perpignan",
"Rønne",
"Ronneby",
"Karlskrona",
"Nykøbing",
"Aalborg",
"Örebro",
"Nouméa",
"Nouméa",
"Papeete",
"Hanga Roa",
"Nuku'alofa",
"Ferreolus of Rodez",
"Rodez",
"Albi",
"Tarawa",
"Yaren",
"Majuro",
"Wake",
"Wake Island",
"Palikir",
"Kolonia",
"Ngerulmud",
"Koror",
"Midway",
"Flying Fish Cove",
"West Island",
"Clermont-Ferrand",
"Arverni",
"Clermont",
"Clermont-Ferrand",
"Korsholm",
"Vasa",
"Oulu",
"Birka",
"Sigtuna",
"Stockholm",
"Puerto Baquerizo Moreno",
"Obock",
"Djibouti",
"Qusayr",
"Rovaniemi",
"Inari",
"Rovaniemi",
"Zargidava",
"Suceava",
"Iași",
"Thessaloniki",
"Temasek",
"Singapore",
"Kuching",
"Nemausus",
"Nîmes",
"Montpellier",
"Arlon",
"Arlon",
"Vijay Tendulkar",
"Oujda",
"Trajanopolis",
"Komotini",
"Tomis",
"Constantiana Daphne",
"Constanța",
"Hong Kong",
"The Gambia",
"Bathurst",
"Banjul",
"Togoland",
"Lomé",
"Ribe",
"Aabenraa",
"Zwolle",
"Jimo",
"Qingdao",
"Marseille",
"IBM AIX",
"Aix-en-Provence",
"Marseille",
"Sanshan District",
"Dalian",
"Dalny",
"Dalian",
"Dalian",
"Dalian",
"Mbabane",
"",
"Limpopo",
"Pretoria",
"Botswana",
"Mahikeng",
"Gaborone",
"Okavango",
"Rundu",
"Angola",
"Menongue",
"Moxico",
"Luena",
"Lusaka",
"Livingstone",
"Niassa Province",
"Villa Hermosa",
"Lichinga",
"Avenio",
"Avignon",
"Tanzania",
"Mbeya",
"Matabeleland",
"Bulawayo",
"Katanga",
"Lubumbashi",
"Lubumbashi",
"Kivu",
"Bukavu",
"Bukavu",
"Bujumbura",
"Nyanza",
"Kigali",
"Kampala",
"Boma",
"Kinshasa",
"Kinshasa",
"Ogooué River",
"Likouala",
"Impfondo",
"Lugdunum",
"Lyon",
"Equatorial Guinea",
"Bata",
"Mandara Kingdom",
"Dulo",
"Maroua",
"Yaoundé",
"Bangui",
"Irgalem",
"Negele Borana",
"Rumbek",
"Ouara",
"Abéché",
"Nyala",
"Bardaï, Chad",
"Bilma",
"Vienne",
"Grenoble",
"Hoggar Mountains",
"Tamanrasset",
"Tamanrasset",
"Alay District",
"Kodok",
"Malakal",
"Illizi",
"Dichomeris asodes",
"Agadez",
"North Darfur",
"Murzuk",
"Sabha, Libya",
"Sabha",
"Faya-Largeau",
"Kisangani",
"Stanleyville",
"Kasai-Occidental",
"Kananga",
"S. \"Sundi\" Sundaresh",
"Bandundu",
"Savoy",
"Chambéry",
"Moroni",
"Adrar",
"Fderîck",
"Fderîck",
"Tademaït",
"In Salah",
"Tindouf",
"Juba",
"Moundou",
"Adamawa",
"Ngaoundéré",
"Iquitos",
"Leticia",
"Atabapo River",
"Puerto Ayacucho",
"Lucus",
"A Coruña",
"Tucuruí",
"Marabá, Pará",
"Rio Branco, Acre",
"Boa Vista",
"Tocantins",
"Araguaína",
"Guaporé",
"Porto Velho",
"Manaus",
"Santarém",
"Acre",
"South Georgia and the South Sandwich Islands",
"King Edward Point",
"",
"Grangeville",
"Oregon",
"Ontario",
"Kingdom of Asturias",
"Cangas de Onís",
"Oviedo",
"Nevada",
"Las Vegas",
"Bannock",
"Idaho Falls, Idaho",
"Great Salt Lake",
"Salt Lake City",
"Utah",
"Cedar City, Utah",
"Colorado",
"Denver",
"Wyoming",
"Rock Springs",
"Assiniboine",
"Fort Livingstone (Saskatchewan)",
"Regina",
"Dane-zaa",
"Fort Fork",
"Peace River, Alberta",
"Peace River",
"Yukon",
"Fort Yukon, Alaska",
"White Horse",
"Caniapiscau, Quebec",
"Schefferville, Quebec",
"Fermont",
"Legio",
"Leon",
"Kitaa",
"Qasigiannguit",
"Qasigiannguit",
"",
"Alexandria, British Columbia",
"Williams Lake",
"Blackfoot Confederacy",
"Medicine Hat",
"Saskatchewan",
"Nipawin",
"Tsuu T'ina Nation",
"Rocky Mountain House",
"Lifau",
"Kupang",
"Nyamal language",
"Port Hedland, Western Australia",
"Nullarbor Plain",
"Fowlers Bay, South Australia",
"Streaky Bay, South Australia",
"Wajarri language",
"Geraldton",
"Nauo language",
"Port Lincoln",
"Varduli",
"Bilbao",
"Nidaros",
"Trondheim",
"Nyungar language",
"Esperance",
"Nyigina language",
"Broome",
"Ngarinyin language",
"Kununurra, Western Australia",
"Larrakia",
"Darwin",
"Yolngu",
"Nhulunbuy",
"Gurdjar language",
"Normanton",
"List of Indigenous Australian group names",
"Port Douglas",
"List of Indigenous Australian group names",
"Cairns",
"Biri",
"Townsville",
"Kalaamaya language",
"Kalgoorlie",
"Ab Asturica Burdigalam",
"Pamplona",
"Vitoria-Gasteiz",
"Adnyamathanha",
"Broken Hill, New South Wales",
"Wangkumara language",
"Cunnamulla",
"Kungkari language",
"Charleville",
"Yirandhali language",
"Emerald",
"Mudbura language",
"Katherine",
"Uluru",
"Alice Springs",
"Warluwarra language",
"Mount Isa",
"Gibson Desert",
"Newman",
"Nenets",
"Pustozyorsk",
"Naryan-Mar",
"Norilsk",
"",
"Huesca",
"Ribagorza/Ribagorça",
"Huesca",
"Saint Vincent",
"Barrouallie",
"Kingstown",
"Niš",
"NIS",
"Srinagar",
"São Tomé",
"Sochi",
"Mytilene",
"Kalanga",
"Francistown",
"Francistown",
"Ndola",
"Bamenda",
"Buea",
"Ouham",
"Girona",
"Girona",
"Grane",
"Kuwait",
"Ktunaxa",
"Cranbrook",
"Arikara",
"Fort Pierre, South Dakota",
"Fort Pierre",
"Pierre",
"Lakota",
"Dickinson",
"Teton",
"Valentine",
"Connecticut",
"Hartford, Connecticut",
"Manahoac",
"Staunton",
"Androscoggin tribe",
"Sherbrooke",
"Kennebec",
"Skowhegan, Maine",
"Natchitoches",
"Shreveport, Louisiana",
"Tarraco (Tarragona)",
"Barcelona",
"Nipigon",
"Lake Nipigon",
"Bungi Creole",
"Grand Forks, North Dakota",
"Moorhead",
"Plains Cree",
"Fort Edmonton",
"Edmonton",
"Miwok",
"San Francisco",
"Crow Nation",
"St. Mary's",
"Helena",
"Haida",
"Charlotte of Mecklenburg-Strelitz",
"Munsee",
"Wilkes-Barre, Pennsylvania",
"Luuq",
"Garbahaareey",
"Urmia",
"Urmia",
"Lida",
"Zaragoza",
"Taifa of Zaragoza",
"Zaragoza",
"Kisumu",
"Acre, Israel",
"Jerusalem",
"Nakhchivan",
"Gulu",
"Chernivtsi",
"Chernivtsi",
"Chernivtsi",
"Jewish National People's Party",
"Oksywie",
"Skarszewy",
"Schöneck",
"Gdynia",
"Chalcis",
"Negroponte",
"Semi-active radar homing",
"Bouar",
"Owando",
"Numantia",
"Valladolid",
"Kalemie",
"Albertville",
"Kolwezi",
"Solwezi",
"Luapula River",
"Mansa, Zambia",
"Mansa",
"Kingdom of Matamba",
"Saurimo",
"Mwanza",
"Dodoma",
"Mount Kilimanjaro",
"German East Africa",
"Moshi",
"North-West District (Botswana)",
"Maun",
"Karas",
"Keetmanshoop",
"Salamanca",
"Salamanca",
"Oshana Region",
"Oshakati",
"Huambo",
"Kasai-Oriental",
"Mbuji-Mayi",
"Mbuji-Mayi",
"Maniema",
"Kindu",
"Maymana",
"Bamyan",
"Kunduz",
"Fayzabad, Badakhshan",
"Faizabad",
"Jalalabad",
"Leh",
"Guadalajara, Castile-La Mancha",
"Guadalajara, Castile-La Mancha",
"Madrid",
"Rawalpindi",
"Margalla Hills",
"Islamabad",
"Sialkot",
"Karor Lal Esan",
"Dera Ismail Khan",
"Dera Ghazi Khan",
"University of Chile",
"Bahawalpur",
"Siwi",
"Sehwan Sharif",
"Bela",
"Umerkot",
"Hyderabad",
"Jalandhar",
"Amritsar",
"Emerita Augusta",
"",
"Badajoz",
"Hisar",
"Panipat",
"Meerut",
"Qila Rai Pithora",
"Delhi",
"Champawat",
"Almora",
"Dehradun",
"Sikar",
"Amber",
"Nagaur",
"Ajmer",
"Jalore",
"Palanpur",
"Chittorgarh",
"Patan",
"Toledo, Spain",
"Sephardi Jews",
"Toledo",
"Jeremy Steig",
"Bodø",
"Girnar",
"Diu, India",
"Junagadh",
"Bhavnagar",
"Champaner",
"Muhammadabad",
"Dahod",
"Rajpipla",
"Godhra",
"Vadodara",
"",
"Chanderi",
"Vidisha",
"Bhopal",
"Garha",
"Jabalpur",
"Kherla Bujurg",
"Deogarh",
"Chhindwara",
"Rashtraudha Kavya",
"Khuldabad",
"Nashik",
"Pune",
"Valentia",
"Valencia",
"Valencia",
"Chaul",
"Murud-Janjira",
"Raigad district",
"Dapoli",
"Banavasi",
"Badami",
"Dharwad",
"",
"Dharwad",
"Bhatkal",
"Karwar",
"Mangalore",
"Halebidu",
"Ikkeri",
"Bhadravati",
"Tirunelveli",
"Karava",
"Satyalapadu",
"Kandy",
"Thanjavur",
"Thanjavur",
"Gingee",
"Cartagena, Spain",
"Taifa of Murcia",
"Cartagena",
"Arcot, Vellore",
"Vellore",
"Bangalore",
"Sira",
"Bangalore",
"Srisailam",
"Kurnool",
"Amaravati",
"",
"Kondaveedu Fort",
"Machilipatnam",
"Vijayawada",
"Golkonda",
"Manyakheta",
"Gulbarga",
"Mahur",
"",
"Chandrapur",
"Rajahmundry",
"Srikakulam",
"Brahmapur",
"Australian Chamber of Commerce and Industry",
"Qasim Amin",
"Almería",
"Balasore",
"Khordha",
"Bhubaneswar",
"Sambalpur",
"Raipur",
"Satna district",
"Rewa",
"Kalpi",
"Etawah",
"Budaun",
"Rampur",
"",
"Gurkha",
"Pokhara",
"Illiberis",
"Granada",
"Gorakhpur",
"Varanasi",
"Chunar",
"Samastipur district",
"Darbhanga",
"Limbuwan",
"Biratnagar",
"Biratnagar",
"Bhagalpur",
"Pandua",
"Rajshahi",
"Deoghar",
"Lakhnor",
"Bardhaman",
"Bardhaman",
"Midnapore",
"Bagerhat Sadar Upazila",
"Khulna",
"Seville",
"Seville",
"Nasirabad",
"Mymensingh",
"Pragjyotishpura",
"Guwahati",
"Sadiya",
"Dibrugarh",
"Imphal",
"Udaipur",
"Agartala",
"Thaungdut",
"Tamanthi",
"Hkamti Long",
"Putao",
"Mogaung",
"Myitkyina",
"Hsipaw",
"Mogok",
"Córdoba",
"Qurtuba (Kuwait)",
"Córdoba",
"Adyghe language",
"Cherkessk",
"Nalchik",
"Mozdok",
"Derbent",
"Kizlyar",
"Balanjar",
"Tarku",
"Makhachkala",
"Kumukh",
"Grozny (disambiguation)",
"Grozny",
"Gremi",
"Telavi",
"Artvin",
"Kars",
"Arsamosata",
"Erzincan",
"Edessa",
"Diyarbekir Eyalet",
"Diyarbakır",
"Carteia",
"Mus",
"Diyarbakır",
"Van",
"Marcopolis",
"Syrian Coastal Mountain Range",
"Ramadi",
"Samarra",
"Tikrit",
"Persian Gulf naming dispute",
"Dammam",
"Najaf",
"Nasiriyah",
"Wasit, Iraq",
"Amarah",
"Ilam",
"Kermanshah",
"Olisipo",
"",
"Lisbon",
"Sanandaj",
"Maragheh, Markazi",
"Stepanakert",
"Stepanakert",
"Qazvin",
"Rayy",
"Tehran",
"Arak",
"Semnan",
"Ardakan",
"Yasuj",
"Shiraz",
"Viso",
"Viseu",
"Bushehr",
"Bandar Lengeh",
"Kyzyl-Suu",
"Türkmenbaşy, Turkmenistan",
"Türkmenbaşy",
"Ashgabat",
"Ashgabat",
"Bojnord",
"Gorgan",
"Gorgan",
"Damghan",
"Sabzevar",
"Birjand",
"Rafsanjan",
"Bam",
"Eboracum",
"Évora",
"Évora",
"Hamar",
"Bampur",
"Zahedan",
"Kharan",
"Dalbandin",
"Zamindawar",
"Bost",
"Lashkar Gah",
"Aïn Ferah",
"Farah",
"Aoudaghost",
"Tidjikja",
"Kiffa",
"Oualata",
"Koumbi Saleh",
"Galam",
"Kédougou",
"Ossonoba",
"",
"Faro",
"Takrur",
"Matam",
"Mbissel",
"Ziguinchor",
"",
"Labé",
"Biafada language",
"Conakry",
"Defense Intelligence Agency",
"Nioro du Sahel",
"KITA",
"Niani",
"Bamako",
"Bougouni",
"Tingréla Department",
"Boundiali",
"SAN",
"Sikasso",
"Braga",
"Porto",
"",
"Goundam",
"SAH",
"Youwarou",
"Isaaq",
"Mopti",
"Douentza",
"Amanvi",
"",
"Bourem",
"Bonoman",
"Bondoukou",
"Kong",
"Korhogo",
"Lobi",
"Gaoua",
"Tenkodogo",
"Bilanga",
"Bogandé",
"Brigantia",
"Bragança",
"Dori",
"Abengourou",
"Axim",
"Elmina Castle",
"Fort Coenraadsburg",
"Sekondi-Takoradi",
"Sekondi-Takoradi",
"Dunkwa-on-Offin",
"Bonoman",
"Tamale",
"Yendi",
"Sansanné-Mango Airport",
"Sokodé",
"",
"Natitingou",
"Ketu",
"Parakou",
"Ijebu Kingdom",
"Lagos",
"Isca Dumnoniorum",
"Exeter",
"Exeter",
"Plymouth",
"Ondo",
"Akure",
"",
"Kontagora",
"Bozo language",
"Surame",
"Kebbi State",
"Birnin Kebbi",
"Rano",
"Jos",
"Biram",
"Dutse",
"Bade language",
"Damaturu",
"Margi language",
"Gombe",
"Menaka",
"Ouallam",
"Kukiya",
"Tillabéri",
"Old Sarum",
"Salisbury",
"Salisbury",
"",
"Salisbury",
"Portsmouth",
"Southampton",
"Dosso",
"Tahoua",
"In-Gall",
"",
"Aderbissinat",
"Daura",
"Zinder",
"",
"Diffa",
"Kaouar",
"Yao",
"Kotoko",
"N'Djamena",
"N'Djamena",
"Kaoru",
"Monrovia",
"Durovernum Cantiacorum",
"Place name origins",
"Canterbury",
"Brighton",
"Sardis",
"Claudiopolis",
"Bolu",
"Fatsa",
"Samsun",
"Samsun",
"Tavium",
"Yozgat",
"Caesarea",
"Kayseri",
"Antalya",
"Teke",
"Adalia",
"Antalya",
"Mersin",
"Ermenek",
"International Commission on English in the Liturgy",
"İskenderun",
"Malatya",
"Malatya",
"Cyzicus",
"Biga",
"Çanakkale",
"Londinium",
"Anglo-Saxon London",
"London",
"Thandwe",
"Thandwe",
"Paganism",
"Magwe",
"Mongpai",
"Loikaw",
"Mottama",
"Mottama",
"Dawei",
"Dawei",
"Phra Bang",
"Nakhon Sawan",
"Phitsanulok",
"Chaiyaphum",
"Nong Bua Lamphu",
"Luang Namtha",
"",
"Oxford",
"Nong Khai",
"Savannakhet",
"Khukhan District",
"Ubon Ratchathani",
"La Bomba",
"Cao Bằng",
"Hà Tĩnh",
"Central Highlands (Vietnam)",
"Buôn Ma Thuột",
"Nha Trang",
"Nha Trang",
"Communes of Cambodia",
"Cần Thơ",
"Óc Eo",
"Rạch Giá",
"Camulodunum",
"Chelmsford",
"Cambridge",
"Kratié",
"Vyadhapura",
"Phnom Penh",
"Battambang",
"Phetchaburi",
"Chaiya District",
"Phuket Province",
"Phuket Province",
"Kedah",
"Alor Setar",
"Terengganu",
"Kuala Terengganu",
"Kelang",
"Kuala Lumpur",
"Samudera Pasai Sultanate",
"Lhokseumawe",
"Abona (DO)",
"Bristol",
"Bristol",
"Bergen",
"Peureulak Sultanate",
"Gayo",
"Tapaktuan",
"Barus",
"Batak",
"Sibolga",
"Rokan-kanan River",
"Rantau Prapat",
"Pariaman",
"Mukomuko Regency",
"Vindhyagiri Hill",
"Rengat",
"Jambi",
"Nias",
"Gunungsitoli",
"Bangka",
"Muntok",
"Pangkal Pinang",
"Viroconium Cornoviorum",
"Coventry",
"Pakuan Pajajaran",
"Sukabumi",
"Cirebon",
"Bandung",
"Karta",
"Plered",
"Kartosuro",
"Yogyakarta",
"Surabaya",
"Kediri",
"Madura Island",
"Bangkalan",
"Lombok",
"Mataram",
"Sibu",
"Pontianak",
"Sampit",
"Venta Silurum",
"Venta Silurum",
"Carmarthen",
"Cardiff",
"Barito River",
"Palangkaraya",
"Samarinda",
"Berau",
"Tanjung Redeb",
"Bulungan Regency",
"Malinau Regency",
"Tarakan, North Kalimantan",
"",
"Sandakan",
"Pangsuma Airport",
"Palopo",
"Palu",
"Gorontalo",
"Canovium",
"Carnarvon",
"Rhyl",
"",
"Konye-Urgench",
"Konye-Urgench",
"Konye-Urgench",
"Atakent",
"Zarafshan",
"Shymkent",
"Mikhail Chernyayev",
"Talas",
"Naryn",
"Orda",
"Zhanybek",
"Kalmyk",
"Chapaev, Kazakhstan",
"Chapaev, Kazakhstan",
"Vasily Chapayev",
"Utva Aviation Industry",
"Aksay",
"Jüz",
"Shalkar",
"Shalkar",
"Lindum Colonia",
"Lindum Colonia",
"Nottingham",
"",
"Komsomol",
"Aral, Kazakhstan",
"Aral, Kazakhstan",
"Aral",
"Altyn",
"Jezkazgan",
"",
"Pluzhnik Evgeny",
"Astana",
"Aqmola",
"Astana",
"Taraz",
"",
"",
"Urzhar",
"Oskemen",
"Oskemen",
"Nadym",
"Karaganda",
"",
"Ekibastuz",
"Adocus",
"Petropavl",
"",
"Chester",
"Chester",
"Liverpool",
"Bagana",
"Arkalyk",
"Zhanibek Alimkhanuly",
"Kostanay",
"Kyunglung",
"Ngari Prefecture",
"Shiquanhe",
"Shigatse",
"Lhasa",
"Nyingchi",
"Markam County",
"Kangding",
"Lucheng",
"Dege",
"Qaidam Basin",
"History of York",
"Scandinavian York",
"York",
"Leeds",
"Kunlun Mountains",
"Lungdo",
"Xining",
"Liangzhou District",
"Wuwei",
"Guangde County",
"Tewo",
"List of 21st-century classical composers",
"Songpan County",
"Lijiang",
"Dehong Dai and Jingpo Autonomous Prefecture",
"Luxi",
"Mang",
"Pu-erh tea",
"Guangnan County",
"Beck – I Guds namn",
"Northumberland",
"Pons Aelius",
"Bamburgh",
"Newcastle",
"Hepu County",
"Beihai",
"Zhanjiang",
"Yazhou District",
"Mai dialect",
"Sanya",
"Wuzhou",
"Shaoguan",
"Huizhou",
"Chaozhou",
"Tingzhou",
"Longyan",
"Jianning",
"Nanping",
"Jinhua",
"Cumbria",
"Luguvalium",
"Carlisle",
"Ningbo",
"Daping, Shaoshan",
"Ningguo",
"Poyang",
"Shangrao",
"Hengyang",
"Yuanling County",
"Huaihua",
"Zhenyuan",
"Kaili",
"Umung-gahtawng",
"Zhaotong",
"Langzhong",
"Edinburgh",
"Edinburgh",
"Xiangyang",
"Yichang",
"Luoyang",
"Shangqiu",
"Fuyang",
"Xuzhou",
"Fengyang County",
"Huainan",
"Zhenjiang",
"Yangzhou",
"Qingzhou",
"Zibo",
"Ayr",
"Glasgow",
"Stavanger",
"Wuding County",
"Dongying",
"Yanzhou District",
"Daming",
"Handan",
"Taoye Ferry",
"Anyang",
"Lu'an",
"Jincheng",
"Taiyuan",
"Yan'an",
"Pingliang",
"Tianshui",
"Gaizhou",
"Dundee",
"Andong",
"Dandong",
"Daegu",
"Wonju",
"Nyongbyon County",
"Sinuiju",
"Kyongsong County",
"Kimchaek",
"",
"Chongjin",
"Jeju",
"Derna",
"Bardia",
"Al Wahat District",
"Aberdeen",
"Wadi Halfa",
"Nubian Desert",
"Hala'ib",
"Asyut",
"Asyut",
"Minya",
"Ras Gharib",
"Tanta",
"Suez",
"Suez",
"Petra",
"Al Karak",
"Tayma",
"Inverness",
"Yanbu",
"Medina",
"",
"Arabs",
"Qanat",
"Tamara",
"Truba",
"Jeddah",
"Jazan",
"Al-Ahqaf",
"Ma'rib",
"Al Hazm",
"Stornoway",
"Timna",
"Al Mukalla",
"Haima",
"Masirah Island",
"Abu Dhabi",
"Yabrin",
"Hafar Al-Batin",
"Latakia",
"Latakia",
"Latakia",
"Palmyra",
"Tadmur",
"Deir ez-Zor",
"Damascus",
"Hohhot",
"Poznań",
"Erenhot",
"Erenhot",
"Chahar",
"Chifeng",
"Clan Nara",
"Changchun",
"Changchun",
"Gungnae Fortress",
"Aisin Gioro",
"Tonghua",
"Baishan",
"Hunchun",
"Qiqihar",
"Qiqihar",
"Sartu District",
"Taching",
"Daqing",
"Acheng District",
"Harbin",
"Mergen",
"Nenjiang",
"Aigun",
"Heihe",
"Gniezno",
"Kalisz",
"Niuman Romero",
"Chegdomyn",
"",
"Nikolayevsk-on-Amur",
"Kuru",
"Permsky",
"Komsomolsk-on-Amur",
"Iman",
"Dalnerechensk",
"Yaran",
"",
"Dalnegorsk",
"Saguia el-Hamra",
"El Aaiún",
"Agadir",
"Essaouira",
"",
"Essaouira",
"Lixus",
"Rabat",
"Meknes",
"Płock",
"Tadla (region)",
"Ouarzazate",
"",
"Béni Abbès",
"Kasdir",
"El Bayadh",
"Tiaret",
"Tlemcen",
"Cartennas",
"Mostaganem",
"Algiers",
"Medea",
"",
"Beni Hammad Fort",
"Msila",
"Ghardaïa",
"Warsaw",
"Touggourt",
"Ouargla",
"Bizerte",
"Bizerte",
"El Kef",
"El Kef",
"Hadrumetum",
"Mahdia",
"Al-Mansuriya",
"Susa",
"Sousse",
"Sfax",
"Sfax",
"Sabratha",
"Zuwarah",
"Ghadames",
"Huns",
"Thubactis Radio and Television",
"Misrata",
"Misrata",
"Sieradz",
"Łódź",
"Djanet",
"Ghat",
"Tajarhi",
"Meroë",
"Shendy Puspa Irawati",
"Argentine Chess Federation",
"Mthethwa Paramountcy",
"Narbonne",
"Narbonne",
"Soria",
"Sandomierz",
"Częstochowa",
"Visby",
"Saelices",
"Kunka",
"Cuenca",
"Ciudad Real",
"Peremyshl",
"Bononia",
"Vidin",
"Trimontium",
"Philippopolis",
"Plovdiv",
"Vitebsk",
"Pereiaslav-Khmelnytskyi",
"Pryluky",
"",
"Nikolayev",
"Mykolaiv",
"Chersonesus",
"Mumviri dialect",
"Sevastopol",
"Melitopol",
"Mariupol",
"Mansur",
"Dnipropetrovsk",
"Dnipropetrovsk",
"Taiyuan Wusu International Airport",
"Donetsk",
"Belgorod",
"Luhansk",
"Luhansk",
"Lipetsk",
"Phanagoria",
"",
"Anapa",
"Novorossiysk",
"",
"Novocherkassk",
"Majar",
"Stavropol",
"Kuma",
"Elista",
"List of Turkish exonyms",
"Atkarsk",
"Ukek",
"Pokrovsk",
"Friedrich Engels",
"Dattatraya Ganesh Godse",
"Syzran",
"Alatyr",
"San Juan de la Maguana",
"Azua",
"Magua",
"Puerto Plata",
"Baracoa",
"Bayamo",
"Camagüey",
"Nicoya",
"List of airports by ICAO code: M",
"Puntarenas",
"Managua",
"Ulúa River",
"Siuna",
"Kraków",
"Lenca people",
"Choluteca",
"Tegucigalpa",
"Olancho Department",
"",
"Gracias",
"Comayagua",
"Copán",
"",
"Tela",
"La Navidad",
"Puerto Cortés",
"San Pedro Sula",
"Kaminaljuyu",
"Guatemala",
"Ciudad Vieja",
"Antigua",
"Guatemala City",
"Quiriguá",
"",
"Puerto Barrios",
"Uaymil",
"Chetumal",
"Chetumal",
"Coba",
"Employees' Compensation Appeals Board",
"Cancún",
"Uxmal",
"Mayapan",
"Mani",
"Merida",
"Jaina",
"Ah Canul",
"Progreso",
"Calakmul",
"",
"Alexander Chapoton House",
"Ratibor",
"Katowice",
"Palenque",
"History of the Aztecs",
"Villahermosa",
"Yaxchilan",
"Chiapas",
"San Cristóbal de las Casas",
"Soconusco",
"Tapachula",
"Tehuantepec",
"Tuxtla Gutiérrez",
"Mixe people",
"Villarrica, Paraguay",
"Coatzacoalcos",
"Tochtepec (municipality)",
"San Andrés Tuxtla",
"",
"Huajuapan de León",
"Puebla",
"Acatlán de Osorio",
"Pre-Columbian Mexico",
"Tehuacán",
"Veracruz",
"Veracruz",
"Wrocław",
"Wrocław",
"Cholula",
"Puebla",
"Teloloapan",
"Chilpancingo",
"Tlapanec people",
"Atoyac de Álvarez",
"Cihuatlán",
"Petatlán",
"Cutzamala",
"Huetamo",
"Tarascan",
"Lázaro Cárdenas, Michoacán",
"Melchor Ocampo",
"Lázaro Cárdenas",
"Apatzingán",
"Apatzingán",
"Colima",
"Tizapan El Alto",
"Guadalajara",
"Municipalities of Michoacán",
"Morelia",
"Brunn",
"Brno",
"",
"Toluca",
"Guamare",
"Guanajuato",
"Metztitlán",
"Ciudad Valles",
"",
"Cerro Azul",
"Geneina",
"Gustav Kobbé",
"Al-Fulah",
"Kosti",
"Wad Madani",
"Soba",
"Khartoum",
"Sennar",
"Prague",
"Debarwa",
"Keren",
"Mendefera",
"Asmara",
"Axum",
"Debarq",
"Gorgora",
"Lalibela",
"Dobe'a",
"Hayq",
"Dessie",
"Dangila",
"Plzeň",
"Asosa",
"Nekemte",
"",
"Middle East Technical University",
"Bonga",
"Arba Minch",
"Afder Zone",
"Ankober",
"Chiro",
"Firehiwot Dado",
"Gendebelo",
"Goba",
"Ali Sabieh",
"Degehabur",
"Clepidava",
"Balti",
"Chișinău",
"Hargeisa",
"Togdheer",
"Maydh",
"Las Khorey",
"Bosaso",
"Hafun",
"Qardho",
"Garoowe",
"Hobyo",
"Mareeg",
"Białystok",
"Halmstad",
"Warsheikh",
"Beledweyne",
"Afgooye",
"Baidoa",
"Merca",
"Bardera",
"Barawa",
"Kismayo",
"Siyu",
"Tana",
"Garissa",
"Trakai",
"Marijampolė",
"Panama",
"Santa Cruz",
"Los Santos",
"Darien",
"Guajira",
"Neiva, Huila",
"Popayán",
"Meta",
"Puerto Carreño",
"Guaviare",
"San José del Guaviare",
"Esmeraldas",
"Piura",
"Piura",
"Varniai",
"Raseiniai",
"Šiauliai",
"Túcume",
"Chiclayo",
"Huancabamba District, Oxapampa",
"Kuelap",
"Chachapoyas",
"Moyobamba",
"Pucallpa",
"Piscobamba District",
"Piscobamba",
"Huaraz",
"Chimbote",
"Ucayali River",
"Atalaya",
"Quero",
"Puerto Maldonado",
"Ayaviri",
"Vilnius",
"Camaná",
"Macaya",
"Sandia",
"Madre de Dios",
"Cobija",
"Exaltación",
"Santa Cruz de la Sierra",
"Fuerte Olimpo",
"San José de Chiquitos",
"Sucre",
"Tarija",
"Potosi",
"Santuario de Quillacas",
"Wenden",
"Daugavpils",
"Daugavpils",
"Daugavpils",
"Oruro",
"Tiwanaku",
"Iquique",
"Calama",
"Coquimbo",
"Chiloé Archipelago",
"Osorno",
"Puerto Montt",
"Alacaluf",
"",
"Comodoro Rivadavia",
"Candelaria",
"Rawson",
"Chubut",
"Esquel",
"Pskov",
"Poya",
"San Carlos de Bariloche",
"Bahia",
"San Antonio Oeste",
"Carmen",
"Bahía Blanca",
"Rio Negro",
"Neuquén",
"Nadar (caste)",
"Algarrobo del Águila",
"",
"San Rafael",
"Mendoza",
"San Luis",
"Olavarría",
"Querandí",
"Lobos",
"Polotsk",
"Rosario, Santa Fe",
"",
"Chepes",
"Cruz del Eje",
"Rioja",
"Santiago del Estero",
"Tucumán Province",
"San Miguel de Tucumán",
"San Salvador de Jujuy",
"San Salvador de Jujuy",
"Matara",
"Monte Quemado",
"Regions of Argentina",
"Geography of Taiwan",
"Corrientes",
"Minsk",
"",
"Concordia",
"Misiones Province",
"Posadas",
"Colonia",
"Colonia del Sacramento",
"Montevideo",
"Salto",
"Santiago",
"Pilar",
"Itapúa Department",
"Ciudad del Este",
"Concepción",
"Concepción",
"Melodia",
"Filadelfia",
"Santa Tecla",
"Uruguaiana",
"Brest, Belarus",
"Santa Catarina",
"Florianópolis",
"Castro",
"Londrina",
"Campinas",
"List of shipwrecks in August 1942",
"Araçatuba",
"Três Lagoas",
"Dourados",
"Corumbá",
"Vila Bela da Santíssima Trindade",
"Pontes e Lacerda",
"Cerejeiras",
"Pimenta Bueno",
"Diamantino",
"Pinsk",
"Nu Arae",
"Cocalinho",
"Vila Boa",
"Quirinópolis",
"Quirinópolis",
"Quirinópolis",
"1970 in country music",
"Luziânia",
"Araxá",
"Uberlândia",
"São João del Rei",
"Poços de Caldas",
"Ouro Preto",
"Governador Valadares",
"Serro",
"Teófilo Otoni",
"Rio de Contas",
"Conceição do Coité",
"Vitória da Conquista",
"Paratinga",
"Bom Jesus da Lapa",
"Campo Largo",
"Barreiras",
"Volodymyr",
"Turku",
"Turku",
"List of municipalities in Minas Gerais",
"Patos de Minas",
"",
"Brasília",
"Conceição",
"Pilar de Goiás",
"Porangatu",
"Natividad",
"Palmas",
"Pastos Bons",
"Parnaguá",
"Alto Parnaíba",
"Barra",
"Inhambupe",
"Jeremoabo",
"Sergipe",
"São Cristóvão do Sul",
"Aracaju",
"Kiev",
"Pambeh Juq",
"Juazeiro",
"Crato",
"",
"Pesqueira, Pernambuco",
"Pesqueira",
"João Pessoa, Paraíba",
"Parnaíba",
"Teresina",
"Timon",
"Alcantara",
"Para",
"Cametá",
"Marajó",
"Vigia",
"Breve (disambiguation)",
"Oiapoque",
"Calçoene",
"Podolia",
"Bakota",
"",
"Guyana",
"Maloca",
"Barcelos",
"Madeira River",
"Humaitá",
"Juruá River",
"Tabatinga",
"Xingu",
"Paramaribo",
"Pedara",
"University of St. Thomas",
"Tucupita",
"Monagas",
"Maturín",
"Lezgi Gazet",
"Ochakiv",
"Odessa",
"Angostura",
"Ciudad Bolívar",
"Zaraza",
"Apure",
"San Fernando de Apure",
"Calabozo",
"Guanare",
"Coro",
"Altagracia",
"Cabimas",
"Chernyakhovsk",
"Chernyakhovsk",
"Cheboksary",
"Cheboksary",
"",
"",
"Almetyevsk",
"Sich",
"Alexandrovsk",
"Zaporizhia",
"",
"Orenburg",
"Bashkirs",
"Zlatoust",
"Iglino",
"Beloyarsky",
"Tikhvin",
"Matadi",
"Bhambatha",
"Kikwit",
"Griqua people",
"Kimberley",
"Highveld",
"Bloemfontein",
"Graaff-Reinet",
"Port Elizabeth",
"Charax",
"Bakhchysarai",
"Chufut-Kale",
"Bakhchysarai",
"Yevpatoria",
"Manthimba",
"Blantyre",
"Gokwe region",
"Khami",
"",
"Kwekwe",
"Buhera",
"Gweru",
"Gweru",
"Angoche",
"Lindi",
"",
"Tessel Middag",
"Taichung",
"Taipei",
"Pangasinan",
"Panticapaeum",
"Theodosia",
"Doros",
"Kaffa",
"Feodosia",
"Feodosia",
"Tondo",
"Bicol",
"Panay",
"Cebu",
"Butuan",
"Davao City",
"Davao",
"Sula",
"Sanana Island",
"Buton",
"Bau-Bau",
"Yamdena",
"Tanimbar Islands",
"Aru",
"Aminophylline",
"Fakfak",
"Azaw, Afghanistan",
"Azov",
"",
"Rostov-on-Don",
"Yos Sudarso",
"Merauke",
"Daru",
"Kerema",
"Lae",
"Madang",
"Asmat",
"Amamapare",
"Gunditjmara",
"Geelong",
"Yuin",
"Wollongong",
"Waitaha",
"Napier, New Zealand",
"Napier",
"Kuban",
"Tmutarakan",
"Krasnodar",
"Krasnodar",
"Hamilton, New Zealand",
"Hamilton",
"Yarkand",
"Kuqa",
"Korla",
"Ruoqiang Town",
"Ruoqiang",
"Hami",
"Ejin",
"Hoboksar Mongol Autonomous County",
"",
"Karamay",
"Tümen Zasagt Khan",
"Altai",
"Starocherkasskaya",
"",
"Shakhty",
"Govi",
"",
"Orestes Acosta Airport",
"Ordu-Baliq",
"Karakorum",
"Arvaikheer",
"Tsetserleg",
"",
"Ulan Bator",
"Yugan",
"Novy Vasyugan",
"",
"Kargasok",
"Váh",
"Kuybyshev",
"Barnaul",
"Altai Uriankhai",
"Ulala",
"Gorno-Altaysk",
"Gorno-Altaysk",
"Pechora Sea",
"Urengoy",
"Chernihiv",
"Porvoo",
"Helsinki",
"",
"",
"Lesosibirsk",
"Kansk",
"Ust-Kut",
"Chara",
"Olyokminsk",
"Chunsky",
"",
"",
"Tynda",
"Tynda",
"Poltava",
"Kareli, Madhya Pradesh",
"Sangar",
"",
"Anadyr (town)",
"Anadyr (town)",
"Anadyr",
"Huichol people",
"Aguascalientes",
"Bical",
"Matamoros, Tamaulipas",
"Matamoros",
"Cotoname language",
"Monterrey",
"Monterrey",
"Los Guerreros del Infierno",
"Saltillo",
"",
"Nuevo Laredo",
"Toboso",
"Santa Barbara",
"Seri",
"Caborca",
"Kharkiv",
"Cochimí people",
"Mexicali",
"Kumeyaay people",
"San Diego",
"Tachi",
"Bakersfield, California",
"Maidu",
"Sacramento, California",
"Shasta",
"Redding",
"Yuki",
"Crescent City",
"Klamath",
"Medford",
"Kalapuya",
"Salem",
"Chehalis",
"Olympia",
"Quileute",
"Predator Cities",
"Port Angeles, Washington",
"Mogilev",
"Mogilev",
"Hualapai",
"Mohave City, Arizona",
"Hardyville",
"Cerbat, Arizona",
"Mineral Park mine",
"Kingman",
"Hopi",
"Flagstaff",
"Zuni",
"Gallup",
"Chiricahua",
"Mesilla",
"Las Cruces",
"Acoma",
"Albuquerque, New Mexico",
"Jicarilla Apache",
"Lipan Apache people",
"Midland",
"Jumano people",
"El Paso, Texas",
"Mescalero",
"Del Rio",
"Coahuilteco language",
"Corpus Christi",
"Smolensk",
"Querecho Indians",
"Abilene",
"AIS",
"Beaumont",
"Hasinai",
"Dallas",
"",
"Wichita",
"Central City, Nebraska",
"Salina",
"",
"Colorado Springs, Colorado",
"Arapaho",
"Fort Laramie National Historic Site",
"Skiri",
"Fort Kearny",
"Kearney",
"Dakota people",
"Rochester",
"Mdewakanton",
"Paul the Apostle",
"Tver",
"Noquet",
"Eau Claire",
"Moingona",
"Fort Madison, Iowa",
"Cedar Rapids, Iowa",
"Miami people",
"Champaign, Illinois",
"Miami people",
"Carbondale",
"Mitchigamea",
"Jefferson City, Missouri",
"",
"Fort Smith",
"Adai",
"Biloxi, Mississippi",
"Natchez",
"Jackson",
"Yazoo",
"Greenville",
"Moskva",
"Chickamauga",
"Chattanooga, Tennessee",
"Creek mythology",
"Huntsville",
"Indigenous peoples of the Southeastern Woodlands",
"Chatot",
"Panama City",
"Mayaimi",
"Miami",
"Calusa",
"Tampa, Florida",
"Yustaga",
"Gainesville",
"Mocama",
"Brunswick",
"Hitchiti",
"Albany",
"Yamasee",
"Macon",
"Mozhaysk",
"Kaluga",
"Coweta, Oklahoma",
"Augusta",
"Saluda",
"Anderson",
"Cusabo",
"Beaufort",
"Waccamaw",
"Myrtle Beach, South Carolina",
"Florence",
"Myrtle Beach, South Carolina",
"Chicora",
"Wilmington",
"Waxhaw, North Carolina",
"Charlotte, North Carolina",
"Yadkin",
"Greensboro, North Carolina",
"Roanoke",
"Elizabethtown",
"Elizabeth City, North Carolina",
"Tutelo",
"Wytheville, Virginia",
"Waccamaw Siouan",
"Lynchburg",
"Bryansk",
"Doeg",
"Alexandria",
"Martinsburg",
"Monongahela",
"Parkersburg, West Virginia",
"Allegheny Mountains",
"Lexington",
"Wabash",
"Indianapolis",
"Piankeshaw",
"Evansville, Indiana",
"Chillicothe",
"Cincinnati",
"Mascouten",
"Lansing, Michigan",
"",
"Flint",
"Honniasont",
"Pittsburgh",
"Kursk",
"Juniata",
"Altoona",
"Akhrakouaeronon",
"Williamsport",
"Potomac",
"Hagerstown",
"Nanticoke",
"Baltimore",
"Raritan",
"Newark",
"",
"Kingston, New York",
"Kingston",
"Quinnipiac",
"New Haven, Connecticut",
"Wampanoag people",
"Adirondack",
"Plattsburgh (city), New York",
"Missisquoi (electoral district)",
"Burlington",
"Montpelier",
"Voronezh",
"Hämeenlinna",
"Tampere",
"Skänninge",
"Linköping",
"Norrköping",
"Missiquoi",
"Lebanon",
"Merrimack",
"CASCO",
"Passamaquoddy",
"Machias",
"Aroostook",
"Houlton",
"Henri Membertou",
"Lunenburg",
"Bridgewater",
"",
"Halifax",
"Loup",
"Fredericton",
"Madawaska",
"Grand Falls",
"Sackville, New Brunswick",
"Tula",
"Maliseet",
"Rivière-du-Loup",
"Fraserville",
"Les Etchemins Regional County Municipality",
"Lévis, Quebec",
"Fort Chambly",
"Longueuil",
"Atikamekw",
"Roberval",
"",
"",
"Chicoutimi",
"Manicouagan",
"Sept-Îles",
"Mingan, Quebec",
"Havre-Saint-Pierre",
"Anticosti Island",
"Port-Menier, Quebec",
"Placentia",
"Plaisance",
"Naskapi",
"Happy Valley",
"Happy Valley-Goose Bay",
"Ryazan",
"Ryazan",
"Native North America, Vol. 1",
"Hopedale",
"Tkaronto",
"Fort Rouillé",
"Toronto",
"Petun",
"Kitchener",
"Odawa",
"Sydenham",
"Owen Sound",
"",
"Bytown",
"Ottawa",
"",
"Parry Sound",
"Timiskaming",
"",
"Cobalt",
"Timmins",
"Kesagami River",
"Cochrane",
"",
"Kapuskasing",
"Tambov",
"",
"Greenstone, Ontario",
"Greenstone",
"",
"Little Whale River",
"Fort George",
"Chisasibi, Quebec",
"Swampy Cree",
"Fort Severn",
"Musali Divisional Council",
"Fort Saint Charles",
"Kenora",
"Kenora",
"",
"Thompson",
"",
"Yorkton",
"Nakoda (Stoney)",
"Swift Current",
"Ermineskin Cree Nation",
"Saskatoon",
"Athabasca",
"Fort Chipewyan",
"Ribes glandulosum",
"Saratov",
"Saratov",
"Siksika Nation",
"Calgary",
"Sekani",
"Fort St. John",
"Dakelh",
"Prince George",
"Secwepemc",
"100 Mile House",
"Okanagan",
"Kamloops",
"Heiltsuk",
"Irvine's Landing",
"Powell River",
"Nisga'a",
"Port Essington",
"Prince Rupert of the Rhine",
"Sitka",
"Sitka, Alaska",
"Juneau, Alaska",
"Eyak",
"Cordova",
"Kodiak",
"Atemar",
"Saransk",
"Yakima, Washington",
"Spokane, Washington",
"Palus",
"Pasco",
"Umatilla",
"La Grande, Oregon",
"",
"Franken",
"Boise, Idaho",
"Goshute",
"Brigham City, Utah",
"Peigan",
"Missoula, Montana",
"Gros Ventre",
"Havre",
"Crow Nation",
"Billings",
"Crow Nation",
"Fort Reno",
"Sheridan",
"",
"Perm",
"",
"Rapid City",
"Hidatsa",
"Minot, North Dakota",
"",
"Grand Forks, North Dakota",
"Sofia (Filipino singer)",
"Perito Moreno",
"Nizhny Novgorod",
"Vladimir",
"Sogndal",
"Ålesund",
"Lingga",
"Daik",
"Yaroslavl",
"Tanjung Pandan",
"Tua Pejat",
"Olonets",
"Petrozavodsk",
"Viborg",
"Vyborg",
"Vyborg",
"Veliky Novgorod",
"Veliky Novgorod",
"Kholm",
"Staraya Russa",
"Belozersk",
"Belozersk",
"Cherepovets",
"Stefan Soroka",
"",
"Arkhangelsk",
"Vologda",
"Vardø",
"Tromsø",
"Nicomedia",
"İzmit",
"Bursa",
"Smyrna",
"İzmir",
"Miletus",
"Milas",
"Battle of Marj Dabiq",
"Olavinlinna",
"Savonlinna",
"Kuopio",
"Rhodes",
"Nicosia",
"Dorylaeum",
"",
"Konya",
"Konya",
"Laranda",
"Karaman",
"Paphlagonia",
"",
"Kastamonu",
"Ankara",
"Ankara",
"Adana",
"House of Julia Felix",
"Sinope",
"Sinop",
"Sivas",
"Sivas",
"Korela Fortress",
"Priozersk",
"Priozersk",
"Priozersk",
"Trapezus",
"Trebizond",
"Erzurum",
"Theodosiopolis",
"Erzurum",
"Kahramanmaraş",
"Maras",
"Kahramanmaraş",
"Palma",
"Tingis",
"Tangier",
"Rusadir",
"Melilla",
"Pomaria",
"Altava",
"Anthony Ruivivar",
"Oran",
"Icosium",
"Omar Racim",
"Saldae",
"Béjaïa",
"Kalâa Kebira",
"Medjana",
"Shlisselburg",
"Nöteborg",
"Saint Petersburg",
"Saint Petersburg",
"Saint Petersburg",
"Constantine, Algeria",
"Constantine",
"Carthage",
"Tunis",
"",
"Azemmour",
"Casablanca",
"Volubilis",
"Idrisid dynasty",
"Fez",
"Aghmat",
"Marrakesh",
"Safi",
"Sijilmasa",
"Tafilalt",
"Errachidia",
"Sidi Ifni",
"Tinmel",
"Taroudant",
"Mohammed al-Mokhtar Soussi",
"Figuig",
"Koporye",
"Ivangorod",
"Laghouat",
"Vescera",
"Biskra",
"Capsa",
"Gafsa",
"Gabès",
"Djerba",
"Leptis Magna",
"Tripoli",
"Marble Arch (Libya)",
"Bin Jawad",
"Cyrene",
"Benghazi",
"Mersa Matruh",
"Derna",
"Mersa Matruh",
"Faiyum",
"Faiyum",
"Arensburg",
"Kuressaare",
"Macedonia (Roman province)",
"Qena",
"Memphis, Tennessee",
"Fustat",
"Al-Qatta'i",
"Cairo",
"Bubastis",
"Rashid",
"Mansoura, Egypt",
"",
"Dumyat",
"Damietta",
"Gaza",
"At-Tur",
"Sharm el-Sheikh",
"Televisión Canaria",
"Las Palmas",
"Azores",
"Madeira",
"Funchal",
"Kirkwall",
"Tallinn",
"Reykjavík",
"Akureyri",
"Carrickfergus",
"Belfast",
"Dublin",
"Waterford",
"Cork",
"Galway",
"Aleppo",
"Aleppo",
"Al Egtmaaey Tripoli",
"Beirut",
"Aelia Capitolina",
"Ramallah",
"Viljandi",
"Pärnu",
"Al Karak",
"Bosra",
"Amman",
"Tabuk",
"Mecca",
"Boz Bisheh",
"Abha",
"Al Mukha District",
"Al Hudaydah",
"Aden",
"Hadhramaut",
"Seiyun",
"Riga",
"Sana'a",
"Najran",
"Banu Ukhaidhir",
"Diriyah",
"Riyadh",
"Ha'il",
"Gerrha",
"Hofuf",
"Qatar",
"Doha",
"Manama",
"Dubai",
"Sharjah",
"Dubai",
"Sohar",
"Goldingen",
"Liepāja",
"Kalmar",
"Muscat",
"Salalah",
"Al Ghaydah",
"Sayhut District",
"Nizwa",
"Liwa",
"Al-Muzayri'a",
"Dumat Al-Jandal",
"Haditha",
"Ar Rutba",
"Ar-Raqqah",
"Ar-Raqqah",
"Basra",
"Al-Hirah",
"Kufa",
"Karbala",
"Memel",
"Klaipėda",
"Ctesiphon",
"Baghdad",
"Mosul",
"Ahvaz",
"Khorramabad",
"Ecbatana",
"Hamadan",
"Arbela",
"Kirkuk",
"Erbil",
"Tabriz",
"Rasht",
"",
"Dvin",
"Ani",
"Yerevan",
"Königsberg",
"Kaliningrad",
"Ganja",
"Bagavan",
"Baku",
"Tsunda Church",
"Kutaisi",
"Mtskheta",
"Tbilisi",
"Ardabil",
"Sari",
"Hyrcania",
"Gorgan",
"Rey",
"Isfahan",
"Olsztyn",
"Olsztyn",
"LAR",
"Hormuz",
"Bandar Abbas",
"Kerman",
"Yazd",
"Chabahar",
"Zaranj",
"Nishapur",
"Mashhad",
"Nisa",
"Serdar (city)",
"Serdar",
"Geok Tepe",
"Derweze",
"Mangyshlak Peninsula",
"Shevchenko",
"Aktau",
"Gdańsk",
"Kath",
"Chimboy",
"Nukus",
"Khiva",
"Daşoguz",
"Daşoguz",
"Bukhara",
"Ustyurt Plateau",
"Beyneu",
"List of renamed cities in Turkmenistan",
"Türkmenabat",
"Türkmenabat",
"Merv",
"Mary",
"Herat",
"Kandahar",
"Ghazni",
"Ahangaran",
"Chaghcharan",
"Hamburg",
"Balkh",
"Mazar-i-Sharif",
"Bagram",
"Kabul",
"Yashilkul",
"Khorugh",
"Qarshi",
"Samarkand",
"Kyzyl Kum",
"Uchkuduk",
"Yasi",
"Turkistan (city)",
"Kyzylorda",
"Kyzylorda",
"Kyzylorda",
"Kyzylorda",
"Tashkent",
"Tashkent",
"Kokand",
"Chuy",
"Bishkek",
"Bishkek",
"Bishkek",
"Lübeck",
"Uzgen",
"Osh",
"Almaty",
"Almaty",
"Phasis",
"Batumi",
"Vladikavkaz",
"Vladikavkaz",
"Atil",
"Names of European cities in different languages: A",
"Astrakhan",
"Saray-Jük",
"",
"Atyrau",
"Atyrau",
"Sarai",
"Akhtubinsk",
"Borisoglebsk",
"Chyorny Yar",
"Volgodonsk",
"Ryn",
"Ganyushkino",
"Rostock",
"Félix Balyu",
"Makat District",
"Bauyrzhan Mukhamedzhanov",
"Algae",
"",
"Aktobe",
"Aktobe",
"Samara",
"Ural River",
"",
"Uralsk",
"Oral",
"Bashkir",
"Ufa",
"",
"Astana",
"Balkhash",
"Mongolian calendar",
"Pavlodar",
"Ainur Kerey",
"Kokshetau",
"Stralsund",
"",
"Novosibirsk",
"Bermuda",
"Saint George",
"The Bahamas",
"Charlestown",
"Nassau",
"Grand Turk",
"Cockburn Town",
"Havana",
"Moron",
"Cienfuegos",
"Guantánamo",
"Jamaica",
"Les Cayes",
"Port-au-Prince",
"Tortuga",
"Gonaïves",
"Kołobrzeg",
"Koszalin",
"Barahona",
"Santo Domingo",
"Curaçao",
"Willemstad",
"Willemstad",
"Puerto Rico",
"San Juan",
"Saint Thomas",
"Charlotte Amalie",
"Saint Martin",
"Saint Kitts",
"Basseterre",
"Saint John",
"Guadeloupe",
"Basse-Terre",
"Dominica",
"Martinique",
"Saint-Pierre",
"Myślibórz",
"Landsberg",
"Gorzów Wielkopolski",
"Västerås",
"Saint Lucia",
"Castries",
"Barbados",
"Bridgetown",
"Trinidad",
"Port of Spain",
"",
"Gandhidham",
"Thatta",
"Karachi",
"Bhakkar",
"Sukkur",
"Shikarpur",
"Hadji Panglima Tahil, Sulu",
"Khairpur",
"Multan",
"Lahore",
"Skardu",
"Gilgit",
"Kangra",
"Brandenburg an der Havel",
"Berlin",
"Sirhind-Fategarh",
"Ludhiana",
"List of State Protected Monuments in Uttarakhand",
"Pugal",
"Rao Bika",
"Bikaner",
"Devgarh",
"Jaisalmer",
"Mandore",
"Jodhpur",
"2015 Formula One season",
"Navanagar",
"Porbandar",
"Ashaval",
"Ahmadabad",
"Surat",
"Kotharia",
"Kumbhalgarh",
"Dausa",
"Jaipur",
"Neuruppin",
"Alwar",
"Deeg",
"Bharatpur",
"Rajkot",
"History of Delhi",
"Old Delhi",
"Lucknow",
"Mathura",
"Agra",
"Fatehpur Sikri",
"Akbarabad",
"Gwalior",
"Mandu",
"Indore",
"Burhanpur",
"Kota",
"Thana",
"Mumbai",
"Mumbai",
"Magdeburg",
"Dabhol",
"Malvan",
"Goa",
"Panaji",
"Raichur",
"Dharma Raja",
"Mysore",
"Mysore",
"Kozhikode",
"Kozhikode",
"Padmanabhapuram",
"Kochi",
"Madurai",
"Ay kingdom",
"Kollam",
"Thiruvananthapuram",
"Coimbatore",
"Kanchipuram",
"Pulicat",
"Chennai",
"Chennai",
"Lüneburg",
"Puhar",
"Puhar",
"Pazhayarai",
"",
"Pondicherry",
"Vijayanagara",
"Bellary",
"Warangal",
"Vengi",
"Udayagiri",
"Nellore",
"2010 Individual Ice Racing European Championship",
"Ahmednagar",
"Vakataka dynasty",
"Doulatabad",
"Aurangabad",
"Kharavela",
"Nagpur",
"Jagdalpur",
"Achalpur",
"Amravati",
"Vizianagaram",
"Visakhapatnam",
"Bremervörde",
"Stade",
"Bremerhaven",
"Mandla",
"Tehri",
"Bilaspur",
"Surguja district",
"Korba",
"Cuttack",
"Kalahandi district",
"Live on Bowen",
"",
"Jaunpur",
"Kannauj",
"Allahabad",
"Kathmandu",
"Pataliputra",
"Patna",
"Kalinjar Fort",
"Orchha",
"Jhansi",
"Oldenburg",
"Palamu district",
"Garhwa",
"Nabadwip",
"Howrah",
"Kolkata",
"Kolkata",
"Kamata Kingdom",
"Koch Bihar",
"Cooch Behar",
"Siliguri",
"Gaur",
"Murshidabad",
"English Bazar",
"Bikrampur",
"Dhaka",
"Punakha",
"Thimphu",
"Charaideo",
"Garhgaon",
"Jorhat",
"Sylhet",
"Chittagong",
"Bijapur",
"Osnabrück",
"Dimapur",
"Kohima",
"",
"Nagaon",
"Sri Jayawardenepura Kotte",
"Colombo",
"Maibang",
"Kachari Kingdom",
"Silchar",
"Andaman Islands",
"Nicobar Islands",
"Theresia",
"Port Cornwallis",
"Port Blair",
"Gwadar",
"Qalat",
"Quetta",
"Peshawar",
"Launggyet",
"Mrauk U",
"Sittwe",
"Sittwe",
"Braunschweig",
"Kale",
"Hakha",
"Sagaing",
"Mong Yang Township",
"Bhamo",
"Lashio",
"Myinsaing Kingdom",
"",
"Pinya",
"Angels & Airwaves",
"Mandalay",
"Pyu city-states",
"Taungoo",
"Bago, Burma",
"Yangon",
"Yangon",
"Kengtung Township",
"Mong Nai",
"Taunggyi",
"Lamphun",
"Chiang Mai",
"Dessau",
"Mawlamyine",
"Mawlamyine",
"Myeik, Burma",
"Myeik",
"Ratchaburi",
"Nakhon Si Thammarat",
"Pattani Province",
"Perak",
"Ipoh",
"Malacca",
"Johor",
"3rd Battalion, Royal Australian Regiment",
"Johor Bahru",
"Pahang",
"Kuantan",
"Kelantan",
"Kota Bharu",
"Wittenberg",
"Karlstad",
"History of Lopburi",
"Ayutthaya",
"Thonburi",
"Bangkok",
"Sukhothai",
"Chiang Rai (city)",
"Rayong",
"Chonburi",
"Longvek",
"Oudong",
"Ho Chi Minh City",
"Ho Chi Minh City",
"Ho Chi Minh",
"Vithoba",
"Phan Rang–Tháp Chàm",
"Vijaya",
"",
"Champasak",
"Pakse",
"Isanapura",
"Hariharalaya",
"Yaśodharapura",
"Angkor",
"Prek Sbauv",
"Bautzen",
"Legnica",
"Hue",
"That Sikhottabong",
"Khorat",
"Nakhon Ratchasima",
"Haiphong",
"Vientiane",
"Luang Prabang",
"Luang Prabang",
"Hanoi",
"Thang Long",
"Hanoi",
"Lamuri Kingdom",
"Banda Aceh",
"Banda Aceh",
"Deli",
"Medan",
"Pagaruyung Kingdom",
"Padang",
"Meissen",
"Dresden",
"Siak",
"Pekanbaru",
"Bengkulu",
"Palembang",
"",
"Lampung",
"Districts of Lampung",
"Step pyramid",
"Banten",
"Serang",
"Ciamis",
"Kingdom of Pajang",
"Surakarta",
"Kingdom of Blambangan",
"Banyuwangi Regency",
"Jepara",
"Demak",
"Semarang",
"Pekalongan",
"Leipzig",
"Tarumanagara",
"Kalapa",
"Jakarta",
"Batavia",
"Jakarta",
"Gianyar Regency",
"Denpasar",
"Sumbawa",
"Sumbawa Besar",
"Flores",
"Solor",
"Labuan Bajo",
"Sumba",
"Waingapu",
"Timor",
"Dili",
"Brunei",
"Bandar Seri Begawan",
"Kota Kinabalu",
"Kota Kinabalu",
"Kutai",
"Tenggarong",
"Banjarmasin",
"Erfurt",
"Weimar",
"WIOK",
"Makassar",
"Makassar",
"Kendari",
"Poso",
"Manado",
"Buru",
"Namlea Airport",
"Ambon",
"Lucideon",
"Masohi",
"Halmahera",
"Sofifi",
"Ternate",
"Passau",
"Landshut",
"Tidore",
"Jolo",
"Maguindanao",
"General Santos",
"General Santos",
"Marawi",
"Visayas",
"San Miguel",
"Palawan",
"Puerto Princesa",
"Manila",
"Ilocos",
"Laoag",
"Cagayan",
"Nueva Segovia",
"Tuguegarao",
"",
"",
"Munich",
"Xishuangbanna Dai Autonomous Prefecture",
"Jinghong",
"Dali",
"Kunming",
"Lingyun County",
"Chengzhong District, Liuzhou",
"Longcheng District",
"Liuzhou",
"Zhaoqing",
"Qiongshan District",
"Haikou",
"Guangzhou",
"Macau",
"Fuzhou",
"Bamberg",
"Ganzhou",
"Changsha",
"Changde",
"Bozhou",
"Zunyi",
"Guiyang",
"Jianchang County",
"Xichang",
"Changtang",
"Chamdo",
"Garzê",
"Chengdu",
"Nuremberg",
"Chongqing",
"Jingzhou",
"Wuchang District",
"Wuhan",
"Nanchang",
"Hangzhou",
"Huai'an",
"Anqing",
"Runan County",
"Zhumadian",
"Kaifeng",
"Zhengzhou",
"Hanzhong",
"Guntia",
"Memmingen",
"Laizhou",
"Jinan",
"Baoding",
"Ningwu County",
"Xinzhou",
"Changzhi",
"Tianjin",
"Xuanhua",
"Datong",
"Yinchuan",
"Lanzhou",
"Cambodunum",
"Konstanz",
"Lund",
"Malmö",
"Xi'an",
"Ordos City",
"Lang Mountains",
"Chengde",
"Ningyuan",
"Jinxi",
"Gyêgu",
"Tongren County",
"Yumen",
"Zhangye",
"Alxa",
"Wuhai",
"Arae",
"Rottweil",
"Stuttgart",
"Ludwigsburg",
"Hotan",
"Qarqan",
"Qiemo County",
"AK-74",
"Karasahr",
"",
"Turpan",
"Ili",
"Yining",
"Ürümqi",
"Tuvan People's Republic",
"Kyzyl",
"Kyzyl",
"Kyzyl",
"Kherlen River",
"Öndörkhaan",
"Khovd",
"Khovd",
"Uliastai",
"Hall",
"Heilbronn",
"Dornogovi Province",
"Sainshand",
"List of Mongol rulers",
"Choibalsan (city)",
"Choibalsan",
"Leagues of China",
"Tongliao",
"Xilingol League",
"Xilinhot",
"Hulunbuir",
"Yakeshi",
"Songyuan",
"Baicheng",
"Shenyang",
"Shenyang",
"Shenyang",
"Tavan, Qazvin",
"Yichun",
"List of Manchu clans",
"Shuangyashan",
"List of Manchu clans",
"Khabarovsk",
"Augusta Raurica",
"Sucellus",
"Freiburg im Breisgau",
"Jilin City",
"Jilin",
"Ning'an",
"Mudanjiang",
"Hamhung",
"Kaesong",
"Gangneung",
"Seoul",
"Seoul",
"Gyeongju",
"Busan",
"Jeonju",
"Gwangju",
"Kutong language",
"Kaohsiung",
"Kaohsiung",
"Kashgar",
"Brigantium",
"Innsbruck",
"Mandsaur",
"Ujjain",
"Cumaná",
"Guasipati",
"Ciudad Guayana",
"Essequibo",
"Bartica",
"Demerara",
"Georgetown",
"Suriname",
"Brokopondo",
"Cayenne",
"Amapa",
"Macapá",
"Grão Pará",
"Belém",
"Maranhão",
"Saint Louis",
"São Luís, Maranhão",
"Baden",
"Portus",
"Grajaú, Maranhão",
"Imperatriz",
"Ceará",
"São Tiago",
"Fortaleza",
"Oeiras",
"Rio Grande",
"Natal",
"Olinda",
"Recife",
"Penedo",
"Maceió",
"São Salvador",
"Ilhéus",
"Goiás",
"Goiânia",
"Music of Brazil",
"Montes Claros",
"Argentoratum",
"Strasbourg",
"Porto Seguro",
"Espírito Santo",
"Vila Velha",
"Vitoria",
"Campos dos Goytacazes",
"Campos dos Goytacazes",
"Rio de Janeiro",
"Santo Amaro",
"São José dos Campos",
"Sabará",
"Santa Luzia, Maranhão",
"Belo Horizonte",
"São Vicente",
"São Paulo",
"Iporã",
"Guayrá",
"Foz do Iguaçu",
"Curitiba",
"Salzburg",
"Salzburg",
"Tape",
"Passo Fundo",
"Porto Alegre",
"Paysandú",
"Paysandú",
"Banda Oriental",
"Treinta y Tres",
"Coxim",
"Campo Grande",
"Cuiabá",
"Asunción",
"Santa Fe",
"Río de la Plata",
"Gotan Project",
"Francisco de Salas Reynoso",
"Buenos Aires",
"Tandil",
"Mar del Plata",
"Pfalz",
"Heidelberg",
"Karlsruhe",
"",
"Maquinchao",
"Floridablanca (Patagonia)",
"Río Gallegos, Santa Cruz",
"Tierra del Fuego",
"Puerto Williams",
"Punta Arenas",
"Butalmapu",
"",
"Zapala",
"Puelche people",
"Santa Rosa",
"Aillarehue",
"Sauce",
"Río Cuarto",
"Mainz",
"National University of the Chaco Austral",
"Resistencia",
"Catamarca",
"Londres",
"San Fernando del Valle de Catamarca",
"Copiapó",
"Antofagasta",
"",
"",
"",
"",
"",
"",
"",
"",
"",
"",
"",
"",
"",
"",
"",
"",
"",
"",
"",
"",
"",
"",
"",
"",
"",
"",
"",
"",
"",
"",
"",
"",
"",
"",
"",
"",
"",
"",
"",
"",
"",
"",
"",
"",
"",
"",
"",
"",
"",
"",
"",
"",
"",
"",
"",
"",
"",
"",
"",
"",
"",
"",
"",
"",
"",
"",
"",
"",
"",
"",
"",
"",
"",
"",
"",
"",
"",
"",
"",
"",
"",
"",
"",
"",
"",
"",
"",
"",
"",
"",
"",
"",
"",
"",
"",
"",
"",
"",
"Teotihuacan",
"Xochicalco",
"Tenochtitlan",
"Mexico City",
"Huastec",
"Pachuca",
"",
"Tepic",
"Mazatlán",
"Zacatecas",
"Guachichil",
"San Luis Potosí",
"Tamaulipas",
"Tampico Alto",
"Ciudad Victoria",
"Sinaloa",
"Culiacán",
"Colonia Claudia Ara Agrippinensium",
"Cologne",
"Tepehuán people",
"Durango",
"Coahuila",
"Monclova",
"Yaqui",
"Mary (mother of Jesus)",
"Hermosillo",
"Suma",
"Ciudad Juárez",
"Concha",
"Chihuahua",
"Comondú",
"Santa Rosalía",
"Guaycura people",
"List of United States treaties",
"San Bernardino, California",
"Chumash",
"Los Angeles",
"Salinan",
"Salinas",
"Münster",
"",
"Millerton",
"Fresno, California",
"Postmodernism",
"Siuslaw",
"Fort Umpqua",
"Eugene",
"Chinook",
"Portland",
"Salish",
"Seattle",
"Canyon",
"Grand Canyon",
"Yavapai",
"Wickenburg, Arizona",
"Phoenix",
"Pima",
"Tucson, Arizona",
"Navajo",
"Aztec",
"Apache",
"Globe",
"Boulogne-sur-Mer",
"Calais",
"Ohkay Owingeh, New Mexico",
"Teypana",
"Alamogordo, New Mexico",
"Mescalero",
"Roswell",
"Lipan",
"San Antonio",
"Karankawa people",
"San Luis",
"Victoria",
"Comanche",
"Amarillo, Texas",
"Waco, Texas",
"Fort Worth, Texas",
"Tonkawa",
"Austin, Texas",
"Atakapa people",
"Los Adaes",
"Houston",
"Arapaho",
"Liberalism",
"Atrebatum",
"Arras",
"Lille",
"Kiowa",
"Fort Dodge, Iowa",
"Dodge City, Kansas",
"Enid",
"Guthrie",
"Oklahoma City",
"Chitimacha",
"New Orleans",
"New Orleans",
"Caddo",
"Camden, Arkansas",
"Camden",
"Arkansas",
"Monticello",
"Ozarks",
"Tulsa, Oklahoma",
"Quapaw",
"Little Rock, Arkansas",
"Kansas",
"Fort Leavenworth",
"Pawnee",
"Lecompton Constitution",
"Topeka, Kansas",
"Golden Empire Council",
"Springfield",
"Amiens",
"Amiens",
"Mora",
"Tamaroa",
"Lancaster",
"Lincoln",
"Missouri",
"Kansas City metropolitan area",
"Omaha, Nebraska",
"Fort Atkinson",
"Nakota",
"Decorah, Iowa",
"Mason City",
"Iowa",
"Fort Lisa",
"Des Moines, Iowa",
"Wahpeton",
"Dakota",
"Yankton",
"Sioux Falls, South Dakota",
"Minneapolis",
"Mandan",
"Bismarck",
"Wervicq-Sud",
"Bruges",
"Makoua",
"Duluth, Minnesota",
"Menominee",
"Marquette",
"Sauk",
"Wausau",
"Fox Broadcasting Company",
"Winnebago",
"Milwaukee",
"Illinois",
"Chicago",
"Kaskaskia",
"Cahokia",
"Peoria",
"Tennessee",
"Chickasaw",
"Tupelo",
"Tournai",
"Tournai",
"Mons",
"Choctaw",
"Meridian",
"Houma people",
"Baton Rouge, Louisiana",
"Mobile",
"Pensacola, Florida",
"Alabama",
"Montgomery",
"Tuskegee, Alabama",
"Auburn",
"Seminole",
"Orlando, Florida",
"Timucua",
"Fort Caroline",
"Augustine of Hippo",
"Jacksonville, Florida",
"Apalachee",
"Tallahassee, Florida",
"Guale",
"Savanna",
"Tongeren",
"Brussels",
"Columbus",
"Chiaha",
"Terminus",
"Marthasville",
"Atlanta",
"Santee",
"Charlestown",
"Charleston",
"Catawba",
"Shawnee",
"Nashville, Tennessee",
"Cherokee",
"Knoxville, Tennessee",
"Cheraw",
"Asheville, North Carolina",
"Tuscarora",
"Raleigh, North Carolina",
"Pamlico",
"Pennyrile",
"Paducah, Kentucky",
"Liberchies",
"Liège",
"Kentucky",
"Louisville, Kentucky",
"Cumberland",
"Jonesboro",
"Wea",
"South Bend, Indiana",
"Fort Wayne, Indiana",
"Potawatomi",
"Detroit",
"Michigan",
"Grand Rapids, Michigan",
"Wyandot",
"Erie, Pennsylvania",
"Cleveland",
"Ohio",
"Zanesville, Ohio",
"Monacan",
"",
"Luxembourg",
"Powhatan",
"Jamestown",
"Williamsburg",
"Norfolk",
"Kanawha",
"Fort Blair",
"Richmond",
"Conoy",
"St. Mary's City, Maryland",
"Washington",
"Allegheny",
"Susquehanna",
"Harrisburg, Pennsylvania",
"Lenape",
"Philadelphia",
"Delaware",
"Seneca",
"Buffalo",
"Cayuga",
"Noviomagus",
"'s-Hertogenbosch",
"Breda",
"Onondaga",
"Syracuse",
"Oneida",
"United Nations Assistance Mission for Iraq",
"Älvsborg fortress",
"Trenton",
"Mahican",
"Mohawk",
"Schenectady, New York",
"Manhattan",
"New Amsterdam",
"New York",
"New Amsterdam",
"Nipmuc",
"Agawam",
"Narragansett",
"Providence",
"Massachusetts",
"Gloucester",
"Boston",
"Turners Falls, Massachusetts",
"Brattleboro, Vermont",
"Brittenburg",
"Middelburg",
"Rotterdam",
"Pennacook",
"Concord",
"Abenaki",
"Brewer, Maine",
"Bangor",
"Nootka",
"Squamish",
"New Westminster",
"Vancouver",
"Kwakwaka'wakw",
"Bella Coola",
"Tsimshian",
"Kitimat",
"Tlingit",
"Ketchikan, Alaska",
"Yakutat",
"Anchorage, Alaska",
"Aleut",
"Unalaska, Alaska",
"Amsterdam",
"Beothuk",
"Newfoundland (island)",
"Corner Brook",
"",
"Louisbourg, Nova Scotia",
"Prince Edward Island",
"Charlottetown",
"",
"Amherst",
"Micmac",
"Moncton",
"Mi'kmaq",
"Gaspé",
"Niagara",
"Huron",
"Barrie",
"Belleville",
"Dorestad",
"Utrecht",
"Glooscap",
"Trois-Rivières",
"Sudbury",
"Greater Sudbury",
"Algonquin",
"Mont-Laurier",
"Hochelaga",
"Montreal",
"Stadacona",
"Quebec",
"Tadoussac",
"Baie-Comeau",
"Baie-Comeau",
"Innu",
"Côte-Nord-du-Golfe-du-Saint-Laurent, Quebec",
"Labrador",
"Port Hope Simpson",
"Ungava",
"Kuujjuaq",
"Kuujjuaq",
"Nunavik",
"Fort Richmond",
"Inukjuak, Quebec",
"Arnhem",
"Gävle",
